source_id,response_id,entity_count,entity_log_count,entity_missing,entity_grounded_rate,entity_ungrounded_rate,relation_count,relation_log_count,relation_missing,relation_entailed_rate,relation_unsupported_rate,relation_contradicted_rate,relation_unknown_rate,relation_not_verified_rate,claim_count,claim_log_count,claim_missing,claim_entailed_rate,claim_unsupported_rate,claim_contradicted_rate,claim_unknown_rate
12169,llama31_8b_12169,6,1.9459101490553132,0,0.5,0.5,3,1.3862943611198906,0,0.3333333333333333,0.0,0.3333333333333333,0.0,0.3333333333333333,3,1.3862943611198906,0,0.3333333333333333,0.3333333333333333,0.0,0.3333333333333333
12181,llama31_8b_12181,10,2.3978952727983707,0,0.6,0.4,10,2.3978952727983707,0,0.0,0.0,0.0,0.0,1.0,8,2.1972245773362196,0,0.375,0.625,0.0,0.0
12191,llama31_8b_12191,8,2.1972245773362196,0,0.875,0.125,7,2.0794415416798357,0,0.42857142857142855,0.42857142857142855,0.0,0.0,0.14285714285714285,5,1.791759469228055,0,0.6,0.2,0.0,0.2
12257,llama31_8b_12257,11,2.4849066497880004,0,0.9090909090909091,0.09090909090909091,11,2.4849066497880004,0,0.8181818181818182,0.09090909090909091,0.0,0.0,0.09090909090909091,5,1.791759469228055,0,1.0,0.0,0.0,0.0
12261,llama31_8b_12261,14,2.70805020110221,0,0.5714285714285714,0.42857142857142855,10,2.3978952727983707,0,0.5,0.1,0.0,0.0,0.4,4,1.6094379124341003,0,0.5,0.25,0.0,0.25
12265,llama31_8b_12265,7,2.0794415416798357,0,1.0,0.0,4,1.6094379124341003,0,0.5,0.25,0.25,0.0,0.0,5,1.791759469228055,0,0.2,0.8,0.0,0.0
12279,llama31_8b_12279,31,3.4657359027997265,0,0.967741935483871,0.03225806451612903,26,3.295836866004329,0,0.7307692307692307,0.15384615384615385,0.0,0.0,0.11538461538461539,6,1.9459101490553132,0,1.0,0.0,0.0,0.0
12282,llama31_8b_12282,12,2.5649493574615367,0,0.5833333333333334,0.4166666666666667,17,2.8903717578961645,0,0.17647058823529413,0.058823529411764705,0.0,0.0,0.7647058823529411,11,2.4849066497880004,0,0.36363636363636365,0.36363636363636365,0.2727272727272727,0.0
12286,llama31_8b_12286,13,2.6390573296152584,0,0.9230769230769231,0.07692307692307693,9,2.302585092994046,0,0.8888888888888888,0.0,0.0,0.0,0.1111111111111111,7,2.0794415416798357,0,0.8571428571428571,0.0,0.0,0.14285714285714285
12291,llama31_8b_12291,10,2.3978952727983707,0,1.0,0.0,9,2.302585092994046,0,1.0,0.0,0.0,0.0,0.0,7,2.0794415416798357,0,1.0,0.0,0.0,0.0
12298,llama31_8b_12298,8,2.1972245773362196,0,1.0,0.0,11,2.4849066497880004,0,0.6363636363636364,0.36363636363636365,0.0,0.0,0.0,4,1.6094379124341003,0,0.25,0.75,0.0,0.0
12308,llama31_8b_12308,13,2.6390573296152584,0,1.0,0.0,15,2.772588722239781,0,1.0,0.0,0.0,0.0,0.0,10,2.3978952727983707,0,1.0,0.0,0.0,0.0
12309,llama31_8b_12309,10,2.3978952727983707,0,1.0,0.0,12,2.5649493574615367,0,0.9166666666666666,0.08333333333333333,0.0,0.0,0.0,3,1.3862943611198906,0,0.3333333333333333,0.6666666666666666,0.0,0.0
12311,llama31_8b_12311,5,1.791759469228055,0,0.6,0.4,5,1.791759469228055,0,0.0,0.2,0.0,0.2,0.6,2,1.0986122886681098,0,0.5,0.0,0.5,0.0
12324,llama31_8b_12324,25,3.258096538021482,0,0.96,0.04,24,3.2188758248682006,0,0.6666666666666666,0.25,0.0,0.0,0.08333333333333333,14,2.70805020110221,0,0.7857142857142857,0.14285714285714285,0.0,0.07142857142857142
12380,llama31_8b_12380,9,2.302585092994046,0,0.4444444444444444,0.5555555555555556,8,2.1972245773362196,0,0.25,0.125,0.0,0.0,0.625,6,1.9459101490553132,0,0.5,0.5,0.0,0.0
12431,llama31_8b_12431,9,2.302585092994046,0,0.8888888888888888,0.1111111111111111,8,2.1972245773362196,0,0.625,0.25,0.0,0.0,0.125,3,1.3862943611198906,0,1.0,0.0,0.0,0.0
12433,llama31_8b_12433,11,2.4849066497880004,0,1.0,0.0,8,2.1972245773362196,0,0.875,0.125,0.0,0.0,0.0,12,2.5649493574615367,0,1.0,0.0,0.0,0.0
12434,llama31_8b_12434,6,1.9459101490553132,0,0.8333333333333334,0.16666666666666666,4,1.6094379124341003,0,0.25,0.0,0.25,0.0,0.5,3,1.3862943611198906,0,0.3333333333333333,0.3333333333333333,0.3333333333333333,0.0
12453,llama31_8b_12453,7,2.0794415416798357,0,0.8571428571428571,0.14285714285714285,6,1.9459101490553132,0,0.3333333333333333,0.3333333333333333,0.0,0.0,0.3333333333333333,3,1.3862943611198906,0,0.6666666666666666,0.3333333333333333,0.0,0.0
12454,llama31_8b_12454,18,2.9444389791664403,0,0.8888888888888888,0.1111111111111111,14,2.70805020110221,0,0.8571428571428571,0.0,0.0,0.0,0.14285714285714285,7,2.0794415416798357,0,0.7142857142857143,0.2857142857142857,0.0,0.0
12456,llama31_8b_12456,10,2.3978952727983707,0,0.8,0.2,6,1.9459101490553132,0,0.5,0.3333333333333333,0.0,0.0,0.16666666666666666,4,1.6094379124341003,0,0.5,0.5,0.0,0.0
14295,llama31_8b_14295,5,1.791759469228055,0,0.6,0.4,4,1.6094379124341003,0,0.5,0.0,0.0,0.0,0.5,1,0.6931471805599453,0,1.0,0.0,0.0,0.0
14296,llama31_8b_14296,8,2.1972245773362196,0,0.75,0.25,6,1.9459101490553132,0,0.5,0.0,0.0,0.0,0.5,4,1.6094379124341003,0,0.5,0.25,0.25,0.0
14299,llama31_8b_14299,11,2.4849066497880004,0,0.45454545454545453,0.5454545454545454,9,2.302585092994046,0,0.2222222222222222,0.0,0.1111111111111111,0.0,0.6666666666666666,9,2.302585092994046,0,0.6666666666666666,0.2222222222222222,0.1111111111111111,0.0
14300,llama31_8b_14300,13,2.6390573296152584,0,0.46153846153846156,0.5384615384615384,11,2.4849066497880004,0,0.18181818181818182,0.0,0.0,0.0,0.8181818181818182,4,1.6094379124341003,0,0.75,0.0,0.25,0.0
14304,llama31_8b_14304,16,2.833213344056216,0,0.8125,0.1875,12,2.5649493574615367,0,0.5833333333333334,0.16666666666666666,0.0,0.0,0.25,4,1.6094379124341003,0,1.0,0.0,0.0,0.0
14307,llama31_8b_14307,8,2.1972245773362196,0,0.625,0.375,8,2.1972245773362196,0,0.0,0.25,0.0,0.0,0.75,2,1.0986122886681098,0,0.0,1.0,0.0,0.0
14311,llama31_8b_14311,10,2.3978952727983707,0,0.9,0.1,7,2.0794415416798357,0,0.7142857142857143,0.14285714285714285,0.0,0.0,0.14285714285714285,7,2.0794415416798357,0,1.0,0.0,0.0,0.0
14321,llama31_8b_14321,15,2.772588722239781,0,1.0,0.0,11,2.4849066497880004,0,0.8181818181818182,0.18181818181818182,0.0,0.0,0.0,10,2.3978952727983707,0,0.8,0.2,0.0,0.0
14322,llama31_8b_14322,10,2.3978952727983707,0,1.0,0.0,19,2.995732273553991,0,0.9473684210526315,0.05263157894736842,0.0,0.0,0.0,3,1.3862943611198906,0,0.6666666666666666,0.0,0.0,0.3333333333333333
14334,llama31_8b_14334,10,2.3978952727983707,0,0.9,0.1,8,2.1972245773362196,0,0.375,0.125,0.0,0.0,0.5,6,1.9459101490553132,0,0.16666666666666666,0.5,0.16666666666666666,0.16666666666666666
14356,llama31_8b_14356,6,1.9459101490553132,0,0.6666666666666666,0.3333333333333333,6,1.9459101490553132,0,0.6666666666666666,0.0,0.0,0.0,0.3333333333333333,2,1.0986122886681098,0,0.5,0.5,0.0,0.0
14368,llama31_8b_14368,5,1.791759469228055,0,0.2,0.8,4,1.6094379124341003,0,0.0,0.0,0.0,0.0,1.0,2,1.0986122886681098,0,1.0,0.0,0.0,0.0
14383,llama31_8b_14383,13,2.6390573296152584,0,0.6923076923076923,0.3076923076923077,12,2.5649493574615367,0,0.3333333333333333,0.25,0.0,0.08333333333333333,0.3333333333333333,3,1.3862943611198906,0,0.0,0.6666666666666666,0.0,0.3333333333333333
14386,llama31_8b_14386,8,2.1972245773362196,0,1.0,0.0,6,1.9459101490553132,0,1.0,0.0,0.0,0.0,0.0,6,1.9459101490553132,0,1.0,0.0,0.0,0.0
14387,llama31_8b_14387,4,1.6094379124341003,0,0.5,0.5,3,1.3862943611198906,0,0.0,0.0,0.0,0.0,1.0,2,1.0986122886681098,0,1.0,0.0,0.0,0.0
14394,llama31_8b_14394,10,2.3978952727983707,0,0.2,0.8,6,1.9459101490553132,0,0.0,0.16666666666666666,0.0,0.0,0.8333333333333334,4,1.6094379124341003,0,0.25,0.75,0.0,0.0
14432,llama31_8b_14432,27,3.332204510175204,0,0.8888888888888888,0.1111111111111111,20,3.044522437723423,0,0.65,0.25,0.0,0.0,0.1,13,2.6390573296152584,0,0.7692307692307693,0.23076923076923078,0.0,0.0
14447,llama31_8b_14447,17,2.8903717578961645,0,0.11764705882352941,0.8823529411764706,16,2.833213344056216,0,0.0625,0.0,0.0,0.0,0.9375,1,0.6931471805599453,0,1.0,0.0,0.0,0.0
14461,llama31_8b_14461,6,1.9459101490553132,0,0.5,0.5,6,1.9459101490553132,0,0.3333333333333333,0.16666666666666666,0.0,0.0,0.5,5,1.791759469228055,0,0.6,0.4,0.0,0.0
14468,llama31_8b_14468,9,2.302585092994046,0,1.0,0.0,5,1.791759469228055,0,0.8,0.2,0.0,0.0,0.0,8,2.1972245773362196,0,0.75,0.25,0.0,0.0
14469,llama31_8b_14469,7,2.0794415416798357,0,1.0,0.0,5,1.791759469228055,0,0.4,0.6,0.0,0.0,0.0,4,1.6094379124341003,0,0.0,0.75,0.25,0.0
14478,llama31_8b_14478,12,2.5649493574615367,0,0.9166666666666666,0.08333333333333333,8,2.1972245773362196,0,0.625,0.125,0.0,0.0,0.25,7,2.0794415416798357,0,0.7142857142857143,0.14285714285714285,0.0,0.14285714285714285
14479,llama31_8b_14479,20,3.044522437723423,0,0.85,0.15,18,2.9444389791664403,0,0.6666666666666666,0.16666666666666666,0.0,0.0,0.16666666666666666,13,2.6390573296152584,0,0.46153846153846156,0.5384615384615384,0.0,0.0
14482,llama31_8b_14482,8,2.1972245773362196,0,0.875,0.125,6,1.9459101490553132,0,0.5,0.16666666666666666,0.0,0.0,0.3333333333333333,4,1.6094379124341003,0,0.75,0.25,0.0,0.0
14490,llama31_8b_14490,9,2.302585092994046,0,0.8888888888888888,0.1111111111111111,8,2.1972245773362196,0,0.375,0.5,0.0,0.0,0.125,4,1.6094379124341003,0,0.25,0.5,0.25,0.0
15092,llama31_8b_15092,7,2.0794415416798357,0,0.8571428571428571,0.14285714285714285,5,1.791759469228055,0,0.6,0.2,0.0,0.0,0.2,3,1.3862943611198906,0,1.0,0.0,0.0,0.0
15124,llama31_8b_15124,19,2.995732273553991,0,0.7368421052631579,0.2631578947368421,13,2.6390573296152584,0,0.3076923076923077,0.15384615384615385,0.0,0.07692307692307693,0.46153846153846156,10,2.3978952727983707,0,0.6,0.4,0.0,0.0
15127,llama31_8b_15127,4,1.6094379124341003,0,0.5,0.5,3,1.3862943611198906,0,0.0,0.0,0.0,0.0,1.0,1,0.6931471805599453,0,1.0,0.0,0.0,0.0
15131,llama31_8b_15131,1,0.6931471805599453,0,0.0,1.0,0,0.0,1,0.0,0.0,0.0,0.0,0.0,1,0.6931471805599453,0,0.0,0.0,0.0,1.0
15133,llama31_8b_15133,7,2.0794415416798357,0,0.7142857142857143,0.2857142857142857,4,1.6094379124341003,0,0.5,0.0,0.0,0.0,0.5,2,1.0986122886681098,0,1.0,0.0,0.0,0.0
15141,llama31_8b_15141,9,2.302585092994046,0,0.7777777777777778,0.2222222222222222,5,1.791759469228055,0,0.6,0.0,0.0,0.0,0.4,4,1.6094379124341003,0,0.5,0.25,0.25,0.0
15145,llama31_8b_15145,1,0.6931471805599453,0,0.0,1.0,0,0.0,1,0.0,0.0,0.0,0.0,0.0,1,0.6931471805599453,0,0.0,0.0,0.0,1.0
15160,llama31_8b_15160,17,2.8903717578961645,0,0.8823529411764706,0.11764705882352941,12,2.5649493574615367,0,0.75,0.08333333333333333,0.0,0.0,0.16666666666666666,5,1.791759469228055,0,0.6,0.2,0.0,0.2
15168,llama31_8b_15168,9,2.302585092994046,0,0.4444444444444444,0.5555555555555556,9,2.302585092994046,0,0.3333333333333333,0.0,0.0,0.0,0.6666666666666666,4,1.6094379124341003,0,0.5,0.25,0.25,0.0
15182,llama31_8b_15182,14,2.70805020110221,0,0.9285714285714286,0.07142857142857142,12,2.5649493574615367,0,0.75,0.16666666666666666,0.0,0.0,0.08333333333333333,9,2.302585092994046,0,0.7777777777777778,0.1111111111111111,0.0,0.1111111111111111
15184,llama31_8b_15184,13,2.6390573296152584,0,0.6153846153846154,0.38461538461538464,9,2.302585092994046,0,0.3333333333333333,0.1111111111111111,0.0,0.0,0.5555555555555556,5,1.791759469228055,0,0.4,0.6,0.0,0.0
15192,llama31_8b_15192,11,2.4849066497880004,0,0.7272727272727273,0.2727272727272727,13,2.6390573296152584,0,0.3076923076923077,0.0,0.07692307692307693,0.0,0.6153846153846154,4,1.6094379124341003,0,0.5,0.5,0.0,0.0
15210,llama31_8b_15210,12,2.5649493574615367,0,0.9166666666666666,0.08333333333333333,13,2.6390573296152584,0,0.5384615384615384,0.23076923076923078,0.0,0.0,0.23076923076923078,5,1.791759469228055,0,0.8,0.0,0.0,0.2
15226,llama31_8b_15226,16,2.833213344056216,0,0.875,0.125,15,2.772588722239781,0,0.5333333333333333,0.2,0.06666666666666667,0.0,0.2,8,2.1972245773362196,0,0.875,0.0,0.0,0.125
15250,llama31_8b_15250,11,2.4849066497880004,0,0.7272727272727273,0.2727272727272727,15,2.772588722239781,0,0.5333333333333333,0.0,0.0,0.0,0.4666666666666667,3,1.3862943611198906,0,1.0,0.0,0.0,0.0
15264,llama31_8b_15264,8,2.1972245773362196,0,0.625,0.375,6,1.9459101490553132,0,0.0,0.16666666666666666,0.0,0.0,0.8333333333333334,2,1.0986122886681098,0,0.0,1.0,0.0,0.0
15267,llama31_8b_15267,1,0.6931471805599453,0,0.0,1.0,0,0.0,1,0.0,0.0,0.0,0.0,0.0,0,0.0,1,0.0,0.0,0.0,0.0
15277,llama31_8b_15277,9,2.302585092994046,0,0.7777777777777778,0.2222222222222222,7,2.0794415416798357,0,0.7142857142857143,0.0,0.0,0.0,0.2857142857142857,6,1.9459101490553132,0,0.8333333333333334,0.16666666666666666,0.0,0.0
15309,llama31_8b_15309,8,2.1972245773362196,0,0.75,0.25,6,1.9459101490553132,0,0.0,0.3333333333333333,0.3333333333333333,0.0,0.3333333333333333,5,1.791759469228055,0,0.6,0.0,0.4,0.0
15310,llama31_8b_15310,1,0.6931471805599453,0,0.0,1.0,0,0.0,1,0.0,0.0,0.0,0.0,0.0,1,0.6931471805599453,0,1.0,0.0,0.0,0.0
15317,llama31_8b_15317,12,2.5649493574615367,0,0.75,0.25,13,2.6390573296152584,0,0.6923076923076923,0.0,0.0,0.0,0.3076923076923077,6,1.9459101490553132,0,0.8333333333333334,0.16666666666666666,0.0,0.0
15321,llama31_8b_15321,7,2.0794415416798357,0,1.0,0.0,7,2.0794415416798357,0,1.0,0.0,0.0,0.0,0.0,4,1.6094379124341003,0,1.0,0.0,0.0,0.0
15329,llama31_8b_15329,12,2.5649493574615367,0,0.75,0.25,15,2.772588722239781,0,0.4,0.0,0.0,0.0,0.6,12,2.5649493574615367,0,0.8333333333333334,0.16666666666666666,0.0,0.0
15341,llama31_8b_15341,10,2.3978952727983707,0,0.8,0.2,9,2.302585092994046,0,0.5555555555555556,0.1111111111111111,0.0,0.0,0.3333333333333333,3,1.3862943611198906,0,0.6666666666666666,0.3333333333333333,0.0,0.0
15370,llama31_8b_15370,10,2.3978952727983707,0,0.8,0.2,8,2.1972245773362196,0,0.5,0.125,0.0,0.125,0.25,3,1.3862943611198906,0,0.6666666666666666,0.3333333333333333,0.0,0.0
15377,llama31_8b_15377,14,2.70805020110221,0,1.0,0.0,14,2.70805020110221,0,0.6428571428571429,0.35714285714285715,0.0,0.0,0.0,5,1.791759469228055,0,0.6,0.4,0.0,0.0
15381,llama31_8b_15381,1,0.6931471805599453,0,0.0,1.0,0,0.0,1,0.0,0.0,0.0,0.0,0.0,0,0.0,1,0.0,0.0,0.0,0.0
15382,llama31_8b_15382,7,2.0794415416798357,0,0.5714285714285714,0.42857142857142855,5,1.791759469228055,0,0.2,0.0,0.0,0.0,0.8,4,1.6094379124341003,0,0.5,0.25,0.0,0.25
15384,llama31_8b_15384,11,2.4849066497880004,0,0.9090909090909091,0.09090909090909091,8,2.1972245773362196,0,0.5,0.25,0.0,0.0,0.25,6,1.9459101490553132,0,0.6666666666666666,0.16666666666666666,0.0,0.16666666666666666
15410,llama31_8b_15410,7,2.0794415416798357,0,1.0,0.0,6,1.9459101490553132,0,0.8333333333333334,0.0,0.0,0.16666666666666666,0.0,4,1.6094379124341003,0,0.5,0.5,0.0,0.0
15432,llama31_8b_15432,1,0.6931471805599453,0,0.0,1.0,0,0.0,1,0.0,0.0,0.0,0.0,0.0,1,0.6931471805599453,0,0.0,0.0,0.0,1.0
15433,llama31_8b_15433,1,0.6931471805599453,0,0.0,1.0,0,0.0,1,0.0,0.0,0.0,0.0,0.0,1,0.6931471805599453,0,0.0,0.0,0.0,1.0
15438,llama31_8b_15438,19,2.995732273553991,0,0.9473684210526315,0.05263157894736842,13,2.6390573296152584,0,0.7692307692307693,0.07692307692307693,0.0,0.0,0.15384615384615385,5,1.791759469228055,0,0.4,0.6,0.0,0.0
15441,llama31_8b_15441,9,2.302585092994046,0,0.7777777777777778,0.2222222222222222,7,2.0794415416798357,0,0.5714285714285714,0.14285714285714285,0.0,0.0,0.2857142857142857,5,1.791759469228055,0,1.0,0.0,0.0,0.0
15442,llama31_8b_15442,13,2.6390573296152584,0,0.6153846153846154,0.38461538461538464,7,2.0794415416798357,0,0.42857142857142855,0.0,0.0,0.0,0.5714285714285714,4,1.6094379124341003,0,1.0,0.0,0.0,0.0
15446,llama31_8b_15446,6,1.9459101490553132,0,1.0,0.0,5,1.791759469228055,0,1.0,0.0,0.0,0.0,0.0,3,1.3862943611198906,0,1.0,0.0,0.0,0.0
15448,llama31_8b_15448,10,2.3978952727983707,0,0.9,0.1,6,1.9459101490553132,0,0.6666666666666666,0.16666666666666666,0.0,0.0,0.16666666666666666,6,1.9459101490553132,0,0.5,0.3333333333333333,0.0,0.16666666666666666
15456,llama31_8b_15456,26,3.295836866004329,0,1.0,0.0,30,3.4339872044851463,0,0.7,0.3,0.0,0.0,0.0,18,2.9444389791664403,0,0.8888888888888888,0.1111111111111111,0.0,0.0
15460,llama31_8b_15460,11,2.4849066497880004,0,0.9090909090909091,0.09090909090909091,10,2.3978952727983707,0,0.7,0.1,0.1,0.0,0.1,10,2.3978952727983707,0,0.5,0.4,0.1,0.0
15469,llama31_8b_15469,16,2.833213344056216,0,0.9375,0.0625,18,2.9444389791664403,0,0.7777777777777778,0.16666666666666666,0.0,0.0,0.05555555555555555,5,1.791759469228055,0,0.8,0.0,0.2,0.0
15478,llama31_8b_15478,10,2.3978952727983707,0,0.9,0.1,9,2.302585092994046,0,0.6666666666666666,0.2222222222222222,0.0,0.0,0.1111111111111111,7,2.0794415416798357,0,0.8571428571428571,0.0,0.0,0.14285714285714285
15479,llama31_8b_15479,9,2.302585092994046,0,0.7777777777777778,0.2222222222222222,10,2.3978952727983707,0,0.0,0.7,0.0,0.0,0.3,8,2.1972245773362196,0,0.625,0.0,0.0,0.375
15492,llama31_8b_15492,17,2.8903717578961645,0,0.8235294117647058,0.17647058823529413,12,2.5649493574615367,0,0.4166666666666667,0.3333333333333333,0.0,0.0,0.25,7,2.0794415416798357,0,0.42857142857142855,0.5714285714285714,0.0,0.0
15501,llama31_8b_15501,4,1.6094379124341003,0,0.5,0.5,3,1.3862943611198906,0,0.3333333333333333,0.0,0.0,0.0,0.6666666666666666,3,1.3862943611198906,0,0.0,0.6666666666666666,0.3333333333333333,0.0
15541,llama31_8b_15541,6,1.9459101490553132,0,0.6666666666666666,0.3333333333333333,3,1.3862943611198906,0,0.3333333333333333,0.0,0.0,0.0,0.6666666666666666,4,1.6094379124341003,0,0.75,0.0,0.0,0.25
15542,llama31_8b_15542,17,2.8903717578961645,0,0.6470588235294118,0.35294117647058826,13,2.6390573296152584,0,0.23076923076923078,0.0,0.07692307692307693,0.0,0.6923076923076923,14,2.70805020110221,0,0.35714285714285715,0.6428571428571429,0.0,0.0
15544,llama31_8b_15544,16,2.833213344056216,0,1.0,0.0,18,2.9444389791664403,0,0.7777777777777778,0.2222222222222222,0.0,0.0,0.0,7,2.0794415416798357,0,0.8571428571428571,0.14285714285714285,0.0,0.0
15546,llama31_8b_15546,8,2.1972245773362196,0,0.875,0.125,6,1.9459101490553132,0,0.3333333333333333,0.3333333333333333,0.0,0.0,0.3333333333333333,4,1.6094379124341003,0,0.75,0.25,0.0,0.0
15547,llama31_8b_15547,5,1.791759469228055,0,0.4,0.6,3,1.3862943611198906,0,0.0,0.0,0.0,0.0,1.0,3,1.3862943611198906,0,0.3333333333333333,0.0,0.3333333333333333,0.3333333333333333
15551,llama31_8b_15551,2,1.0986122886681098,0,0.5,0.5,1,0.6931471805599453,0,0.0,0.0,0.0,0.0,1.0,1,0.6931471805599453,0,1.0,0.0,0.0,0.0
15554,llama31_8b_15554,1,0.6931471805599453,0,0.0,1.0,0,0.0,1,0.0,0.0,0.0,0.0,0.0,1,0.6931471805599453,0,0.0,0.0,1.0,0.0
15583,llama31_8b_15583,5,1.791759469228055,0,0.4,0.6,3,1.3862943611198906,0,0.3333333333333333,0.0,0.0,0.0,0.6666666666666666,1,0.6931471805599453,0,1.0,0.0,0.0,0.0
15589,llama31_8b_15589,8,2.1972245773362196,0,0.25,0.75,7,2.0794415416798357,0,0.14285714285714285,0.0,0.0,0.0,0.8571428571428571,5,1.791759469228055,0,0.6,0.2,0.2,0.0
