source_id,response_id,fold
12169,llama31_8b_12169,1
12181,llama31_8b_12181,2
12191,llama31_8b_12191,0
12257,llama31_8b_12257,3
12261,llama31_8b_12261,0
12265,llama31_8b_12265,2
12279,llama31_8b_12279,1
12282,llama31_8b_12282,1
12286,llama31_8b_12286,2
12291,llama31_8b_12291,3
12298,llama31_8b_12298,3
12308,llama31_8b_12308,4
12309,llama31_8b_12309,0
12311,llama31_8b_12311,0
12324,llama31_8b_12324,4
12380,llama31_8b_12380,0
12431,llama31_8b_12431,0
12433,llama31_8b_12433,3
12434,llama31_8b_12434,0
12453,llama31_8b_12453,0
12454,llama31_8b_12454,4
12456,llama31_8b_12456,4
14295,llama31_8b_14295,1
14296,llama31_8b_14296,3
14299,llama31_8b_14299,3
14300,llama31_8b_14300,1
14304,llama31_8b_14304,3
14307,llama31_8b_14307,2
14311,llama31_8b_14311,1
14321,llama31_8b_14321,0
14322,llama31_8b_14322,0
14334,llama31_8b_14334,2
14356,llama31_8b_14356,2
14368,llama31_8b_14368,1
14383,llama31_8b_14383,0
14386,llama31_8b_14386,3
14387,llama31_8b_14387,2
14394,llama31_8b_14394,0
14432,llama31_8b_14432,3
14447,llama31_8b_14447,0
14461,llama31_8b_14461,4
14468,llama31_8b_14468,2
14469,llama31_8b_14469,4
14478,llama31_8b_14478,2
14479,llama31_8b_14479,2
14482,llama31_8b_14482,1
14490,llama31_8b_14490,4
15092,llama31_8b_15092,1
15124,llama31_8b_15124,2
15127,llama31_8b_15127,4
15131,llama31_8b_15131,0
15133,llama31_8b_15133,3
15141,llama31_8b_15141,3
15145,llama31_8b_15145,3
15160,llama31_8b_15160,1
15168,llama31_8b_15168,2
15182,llama31_8b_15182,0
15184,llama31_8b_15184,4
15192,llama31_8b_15192,4
15210,llama31_8b_15210,4
15226,llama31_8b_15226,2
15250,llama31_8b_15250,2
15264,llama31_8b_15264,3
15267,llama31_8b_15267,3
15277,llama31_8b_15277,4
15309,llama31_8b_15309,0
15310,llama31_8b_15310,1
15317,llama31_8b_15317,3
15321,llama31_8b_15321,0
15329,llama31_8b_15329,4
15341,llama31_8b_15341,2
15370,llama31_8b_15370,1
15377,llama31_8b_15377,3
15381,llama31_8b_15381,2
15382,llama31_8b_15382,4
15384,llama31_8b_15384,0
15410,llama31_8b_15410,2
15432,llama31_8b_15432,3
15433,llama31_8b_15433,2
15438,llama31_8b_15438,4
15441,llama31_8b_15441,3
15442,llama31_8b_15442,0
15446,llama31_8b_15446,4
15448,llama31_8b_15448,1
15456,llama31_8b_15456,1
15460,llama31_8b_15460,1
15469,llama31_8b_15469,4
15478,llama31_8b_15478,4
15479,llama31_8b_15479,1
15492,llama31_8b_15492,2
15501,llama31_8b_15501,2
15541,llama31_8b_15541,0
15542,llama31_8b_15542,1
15544,llama31_8b_15544,3
15546,llama31_8b_15546,4
15547,llama31_8b_15547,3
15551,llama31_8b_15551,1
15554,llama31_8b_15554,1
15583,llama31_8b_15583,1
15589,llama31_8b_15589,4
