source_id,response_id,EG,Va,entity_grounded,entity_ungrounded,Ea,RP_strict,RP_grounded,RP_support,RP_entailed_cond,relation_strict_aligned,relation_grounded,relation_entailed,relation_unsupported,relation_contradicted,relation_unknown,relation_null,claim_count,claim_entailed,claim_unsupported,claim_contradicted,claim_unknown,no_relations,no_claims
12169,llama31_8b_12169,0.5,6,3,3,3,0.0,0.6666666666666666,0.3333333333333333,0.5,0,2,1,0,1,0,1,3,1,1,0,1,0,0
12181,llama31_8b_12181,0.6,10,6,4,10,0.0,0.0,0.0,,0,0,0,0,0,0,10,8,3,5,0,0,0,0
12191,llama31_8b_12191,0.875,8,7,1,7,0.0,0.8571428571428571,0.42857142857142855,0.5,0,6,3,3,0,0,1,5,3,1,0,1,0,0
12257,llama31_8b_12257,0.9090909090909091,11,10,1,11,0.36363636363636365,0.9090909090909091,0.8181818181818182,0.9,4,10,9,1,0,0,1,5,5,0,0,0,0,0
12261,llama31_8b_12261,0.5714285714285714,14,8,6,10,0.2,0.6,0.5,0.8333333333333334,2,6,5,1,0,0,4,4,2,1,0,1,0,0
12265,llama31_8b_12265,1.0,7,7,0,4,0.0,1.0,0.5,0.5,0,4,2,1,1,0,0,5,1,4,0,0,0,0
12279,llama31_8b_12279,0.967741935483871,31,30,1,26,0.0,0.8846153846153846,0.7307692307692307,0.8260869565217391,0,23,19,4,0,0,3,6,6,0,0,0,0,0
12282,llama31_8b_12282,0.5833333333333334,12,7,5,17,0.0,0.23529411764705882,0.17647058823529413,0.75,0,4,3,1,0,0,13,11,4,4,3,0,0,0
12286,llama31_8b_12286,0.9230769230769231,13,12,1,9,0.1111111111111111,0.8888888888888888,0.8888888888888888,1.0,1,8,8,0,0,0,1,7,6,0,0,1,0,0
12291,llama31_8b_12291,1.0,10,10,0,9,0.3333333333333333,1.0,1.0,1.0,3,9,9,0,0,0,0,7,7,0,0,0,0,0
12298,llama31_8b_12298,1.0,8,8,0,11,0.2727272727272727,1.0,0.6363636363636364,0.6363636363636364,3,11,7,4,0,0,0,4,1,3,0,0,0,0
12308,llama31_8b_12308,1.0,13,13,0,15,0.2,1.0,1.0,1.0,3,15,15,0,0,0,0,10,10,0,0,0,0,0
12309,llama31_8b_12309,1.0,10,10,0,12,0.5,1.0,0.9166666666666666,0.9166666666666666,6,12,11,1,0,0,0,3,1,2,0,0,0,0
12311,llama31_8b_12311,0.6,5,3,2,5,0.4,0.4,0.0,0.0,2,2,0,1,0,1,3,2,1,0,1,0,0,0
12324,llama31_8b_12324,0.96,25,24,1,24,0.5416666666666666,0.9166666666666666,0.6666666666666666,0.7272727272727273,13,22,16,6,0,0,2,14,11,2,0,1,0,0
12380,llama31_8b_12380,0.4444444444444444,9,4,5,8,0.0,0.375,0.25,0.6666666666666666,0,3,2,1,0,0,5,6,3,3,0,0,0,0
12431,llama31_8b_12431,0.8888888888888888,9,8,1,8,0.25,0.875,0.625,0.7142857142857143,2,7,5,2,0,0,1,3,3,0,0,0,0,0
12433,llama31_8b_12433,1.0,11,11,0,8,0.5,1.0,0.875,0.875,4,8,7,1,0,0,0,12,12,0,0,0,0,0
12434,llama31_8b_12434,0.8333333333333334,6,5,1,4,0.0,0.5,0.25,0.5,0,2,1,0,1,0,2,3,1,1,1,0,0,0
12453,llama31_8b_12453,0.8571428571428571,7,6,1,6,0.16666666666666666,0.6666666666666666,0.3333333333333333,0.5,1,4,2,2,0,0,2,3,2,1,0,0,0,0
12454,llama31_8b_12454,0.8888888888888888,18,16,2,14,0.6428571428571429,0.8571428571428571,0.8571428571428571,1.0,9,12,12,0,0,0,2,7,5,2,0,0,0,0
12456,llama31_8b_12456,0.8,10,8,2,6,0.3333333333333333,0.8333333333333334,0.5,0.6,2,5,3,2,0,0,1,4,2,2,0,0,0,0
14295,llama31_8b_14295,0.6,5,3,2,4,0.5,0.5,0.5,1.0,2,2,2,0,0,0,2,1,1,0,0,0,0,0
14296,llama31_8b_14296,0.75,8,6,2,6,0.16666666666666666,0.5,0.5,1.0,1,3,3,0,0,0,3,4,2,1,1,0,0,0
14299,llama31_8b_14299,0.45454545454545453,11,5,6,9,0.0,0.3333333333333333,0.2222222222222222,0.6666666666666666,0,3,2,0,1,0,6,9,6,2,1,0,0,0
14300,llama31_8b_14300,0.46153846153846156,13,6,7,11,0.0,0.18181818181818182,0.18181818181818182,1.0,0,2,2,0,0,0,9,4,3,0,1,0,0,0
14304,llama31_8b_14304,0.8125,16,13,3,12,0.3333333333333333,0.75,0.5833333333333334,0.7777777777777778,4,9,7,2,0,0,3,4,4,0,0,0,0,0
14307,llama31_8b_14307,0.625,8,5,3,8,0.0,0.25,0.0,0.0,0,2,0,2,0,0,6,2,0,2,0,0,0,0
14311,llama31_8b_14311,0.9,10,9,1,7,0.42857142857142855,0.8571428571428571,0.7142857142857143,0.8333333333333334,3,6,5,1,0,0,1,7,7,0,0,0,0,0
14321,llama31_8b_14321,1.0,15,15,0,11,0.6363636363636364,1.0,0.8181818181818182,0.8181818181818182,7,11,9,2,0,0,0,10,8,2,0,0,0,0
14322,llama31_8b_14322,1.0,10,10,0,19,0.47368421052631576,1.0,0.9473684210526315,0.9473684210526315,9,19,18,1,0,0,0,3,2,0,0,1,0,0
14334,llama31_8b_14334,0.9,10,9,1,8,0.25,0.5,0.375,0.75,2,4,3,1,0,0,4,6,1,3,1,1,0,0
14356,llama31_8b_14356,0.6666666666666666,6,4,2,6,0.3333333333333333,0.6666666666666666,0.6666666666666666,1.0,2,4,4,0,0,0,2,2,1,1,0,0,0,0
14368,llama31_8b_14368,0.2,5,1,4,4,0.0,0.0,0.0,,0,0,0,0,0,0,4,2,2,0,0,0,0,0
14383,llama31_8b_14383,0.6923076923076923,13,9,4,12,0.25,0.6666666666666666,0.3333333333333333,0.5,3,8,4,3,0,1,4,3,0,2,0,1,0,0
14386,llama31_8b_14386,1.0,8,8,0,6,0.5,1.0,1.0,1.0,3,6,6,0,0,0,0,6,6,0,0,0,0,0
14387,llama31_8b_14387,0.5,4,2,2,3,0.0,0.0,0.0,,0,0,0,0,0,0,3,2,2,0,0,0,0,0
14394,llama31_8b_14394,0.2,10,2,8,6,0.0,0.16666666666666666,0.0,0.0,0,1,0,1,0,0,5,4,1,3,0,0,0,0
14432,llama31_8b_14432,0.8888888888888888,27,24,3,20,0.45,0.9,0.65,0.7222222222222222,9,18,13,5,0,0,2,13,10,3,0,0,0,0
14447,llama31_8b_14447,0.11764705882352941,17,2,15,16,0.0625,0.0625,0.0625,1.0,1,1,1,0,0,0,15,1,1,0,0,0,0,0
14461,llama31_8b_14461,0.5,6,3,3,6,0.0,0.5,0.3333333333333333,0.6666666666666666,0,3,2,1,0,0,3,5,3,2,0,0,0,0
14468,llama31_8b_14468,1.0,9,9,0,5,0.6,1.0,0.8,0.8,3,5,4,1,0,0,0,8,6,2,0,0,0,0
14469,llama31_8b_14469,1.0,7,7,0,5,0.4,1.0,0.4,0.4,2,5,2,3,0,0,0,4,0,3,1,0,0,0
14478,llama31_8b_14478,0.9166666666666666,12,11,1,8,0.625,0.75,0.625,0.8333333333333334,5,6,5,1,0,0,2,7,5,1,0,1,0,0
14479,llama31_8b_14479,0.85,20,17,3,18,0.1111111111111111,0.8333333333333334,0.6666666666666666,0.8,2,15,12,3,0,0,3,13,6,7,0,0,0,0
14482,llama31_8b_14482,0.875,8,7,1,6,0.3333333333333333,0.6666666666666666,0.5,0.75,2,4,3,1,0,0,2,4,3,1,0,0,0,0
14490,llama31_8b_14490,0.8888888888888888,9,8,1,8,0.125,0.875,0.375,0.42857142857142855,1,7,3,4,0,0,1,4,1,2,1,0,0,0
15092,llama31_8b_15092,0.8571428571428571,7,6,1,5,0.0,0.8,0.6,0.75,0,4,3,1,0,0,1,3,3,0,0,0,0,0
15124,llama31_8b_15124,0.7368421052631579,19,14,5,13,0.07692307692307693,0.5384615384615384,0.3076923076923077,0.5714285714285714,1,7,4,2,0,1,6,10,6,4,0,0,0,0
15127,llama31_8b_15127,0.5,4,2,2,3,0.0,0.0,0.0,,0,0,0,0,0,0,3,1,1,0,0,0,0,0
15131,llama31_8b_15131,0.0,1,0,1,0,,,,,0,0,0,0,0,0,0,1,0,0,0,1,1,0
15133,llama31_8b_15133,0.7142857142857143,7,5,2,4,0.25,0.5,0.5,1.0,1,2,2,0,0,0,2,2,2,0,0,0,0,0
15141,llama31_8b_15141,0.7777777777777778,9,7,2,5,0.4,0.6,0.6,1.0,2,3,3,0,0,0,2,4,2,1,1,0,0,0
15145,llama31_8b_15145,0.0,1,0,1,0,,,,,0,0,0,0,0,0,0,1,0,0,0,1,1,0
15160,llama31_8b_15160,0.8823529411764706,17,15,2,12,0.3333333333333333,0.8333333333333334,0.75,0.9,4,10,9,1,0,0,2,5,3,1,0,1,0,0
15168,llama31_8b_15168,0.4444444444444444,9,4,5,9,0.0,0.3333333333333333,0.3333333333333333,1.0,0,3,3,0,0,0,6,4,2,1,1,0,0,0
15182,llama31_8b_15182,0.9285714285714286,14,13,1,12,0.4166666666666667,0.9166666666666666,0.75,0.8181818181818182,5,11,9,2,0,0,1,9,7,1,0,1,0,0
15184,llama31_8b_15184,0.6153846153846154,13,8,5,9,0.0,0.4444444444444444,0.3333333333333333,0.75,0,4,3,1,0,0,5,5,2,3,0,0,0,0
15192,llama31_8b_15192,0.7272727272727273,11,8,3,13,0.15384615384615385,0.38461538461538464,0.3076923076923077,0.8,2,5,4,0,1,0,8,4,2,2,0,0,0,0
15210,llama31_8b_15210,0.9166666666666666,12,11,1,13,0.3076923076923077,0.7692307692307693,0.5384615384615384,0.7,4,10,7,3,0,0,3,5,4,0,0,1,0,0
15226,llama31_8b_15226,0.875,16,14,2,15,0.5333333333333333,0.8,0.5333333333333333,0.6666666666666666,8,12,8,3,1,0,3,8,7,0,0,1,0,0
15250,llama31_8b_15250,0.7272727272727273,11,8,3,15,0.26666666666666666,0.5333333333333333,0.5333333333333333,1.0,4,8,8,0,0,0,7,3,3,0,0,0,0,0
15264,llama31_8b_15264,0.625,8,5,3,6,0.0,0.16666666666666666,0.0,0.0,0,1,0,1,0,0,5,2,0,2,0,0,0,0
15267,llama31_8b_15267,0.0,1,0,1,0,,,,,0,0,0,0,0,0,0,0,0,0,0,0,1,1
15277,llama31_8b_15277,0.7777777777777778,9,7,2,7,0.2857142857142857,0.7142857142857143,0.7142857142857143,1.0,2,5,5,0,0,0,2,6,5,1,0,0,0,0
15309,llama31_8b_15309,0.75,8,6,2,6,0.0,0.6666666666666666,0.0,0.0,0,4,0,2,2,0,2,5,3,0,2,0,0,0
15310,llama31_8b_15310,0.0,1,0,1,0,,,,,0,0,0,0,0,0,0,1,1,0,0,0,1,0
15317,llama31_8b_15317,0.75,12,9,3,13,0.23076923076923078,0.6923076923076923,0.6923076923076923,1.0,3,9,9,0,0,0,4,6,5,1,0,0,0,0
15321,llama31_8b_15321,1.0,7,7,0,7,0.42857142857142855,1.0,1.0,1.0,3,7,7,0,0,0,0,4,4,0,0,0,0,0
15329,llama31_8b_15329,0.75,12,9,3,15,0.2,0.4,0.4,1.0,3,6,6,0,0,0,9,12,10,2,0,0,0,0
15341,llama31_8b_15341,0.8,10,8,2,9,0.1111111111111111,0.6666666666666666,0.5555555555555556,0.8333333333333334,1,6,5,1,0,0,3,3,2,1,0,0,0,0
15370,llama31_8b_15370,0.8,10,8,2,8,0.5,0.75,0.5,0.6666666666666666,4,6,4,1,0,1,2,3,2,1,0,0,0,0
15377,llama31_8b_15377,1.0,14,14,0,14,0.14285714285714285,1.0,0.6428571428571429,0.6428571428571429,2,14,9,5,0,0,0,5,3,2,0,0,0,0
15381,llama31_8b_15381,0.0,1,0,1,0,,,,,0,0,0,0,0,0,0,0,0,0,0,0,1,1
15382,llama31_8b_15382,0.5714285714285714,7,4,3,5,0.0,0.2,0.2,1.0,0,1,1,0,0,0,4,4,2,1,0,1,0,0
15384,llama31_8b_15384,0.9090909090909091,11,10,1,8,0.375,0.75,0.5,0.6666666666666666,3,6,4,2,0,0,2,6,4,1,0,1,0,0
15410,llama31_8b_15410,1.0,7,7,0,6,0.3333333333333333,1.0,0.8333333333333334,0.8333333333333334,2,6,5,0,0,1,0,4,2,2,0,0,0,0
15432,llama31_8b_15432,0.0,1,0,1,0,,,,,0,0,0,0,0,0,0,1,0,0,0,1,1,0
15433,llama31_8b_15433,0.0,1,0,1,0,,,,,0,0,0,0,0,0,0,1,0,0,0,1,1,0
15438,llama31_8b_15438,0.9473684210526315,19,18,1,13,0.5384615384615384,0.8461538461538461,0.7692307692307693,0.9090909090909091,7,11,10,1,0,0,2,5,2,3,0,0,0,0
15441,llama31_8b_15441,0.7777777777777778,9,7,2,7,0.0,0.7142857142857143,0.5714285714285714,0.8,0,5,4,1,0,0,2,5,5,0,0,0,0,0
15442,llama31_8b_15442,0.6153846153846154,13,8,5,7,0.42857142857142855,0.42857142857142855,0.42857142857142855,1.0,3,3,3,0,0,0,4,4,4,0,0,0,0,0
15446,llama31_8b_15446,1.0,6,6,0,5,0.6,1.0,1.0,1.0,3,5,5,0,0,0,0,3,3,0,0,0,0,0
15448,llama31_8b_15448,0.9,10,9,1,6,0.3333333333333333,0.8333333333333334,0.6666666666666666,0.8,2,5,4,1,0,0,1,6,3,2,0,1,0,0
15456,llama31_8b_15456,1.0,26,26,0,30,0.5,1.0,0.7,0.7,15,30,21,9,0,0,0,18,16,2,0,0,0,0
15460,llama31_8b_15460,0.9090909090909091,11,10,1,10,0.0,0.9,0.7,0.7777777777777778,0,9,7,1,1,0,1,10,5,4,1,0,0,0
15469,llama31_8b_15469,0.9375,16,15,1,18,0.05555555555555555,0.9444444444444444,0.7777777777777778,0.8235294117647058,1,17,14,3,0,0,1,5,4,0,1,0,0,0
15478,llama31_8b_15478,0.9,10,9,1,9,0.3333333333333333,0.8888888888888888,0.6666666666666666,0.75,3,8,6,2,0,0,1,7,6,0,0,1,0,0
15479,llama31_8b_15479,0.7777777777777778,9,7,2,10,0.0,0.7,0.0,0.0,0,7,0,7,0,0,3,8,5,0,0,3,0,0
15492,llama31_8b_15492,0.8235294117647058,17,14,3,12,0.16666666666666666,0.75,0.4166666666666667,0.5555555555555556,2,9,5,4,0,0,3,7,3,4,0,0,0,0
15501,llama31_8b_15501,0.5,4,2,2,3,0.0,0.3333333333333333,0.3333333333333333,1.0,0,1,1,0,0,0,2,3,0,2,1,0,0,0
15541,llama31_8b_15541,0.6666666666666666,6,4,2,3,0.0,0.3333333333333333,0.3333333333333333,1.0,0,1,1,0,0,0,2,4,3,0,0,1,0,0
15542,llama31_8b_15542,0.6470588235294118,17,11,6,13,0.0,0.3076923076923077,0.23076923076923078,0.75,0,4,3,0,1,0,9,14,5,9,0,0,0,0
15544,llama31_8b_15544,1.0,16,16,0,18,0.0,1.0,0.7777777777777778,0.7777777777777778,0,18,14,4,0,0,0,7,6,1,0,0,0,0
15546,llama31_8b_15546,0.875,8,7,1,6,0.16666666666666666,0.6666666666666666,0.3333333333333333,0.5,1,4,2,2,0,0,2,4,3,1,0,0,0,0
15547,llama31_8b_15547,0.4,5,2,3,3,0.0,0.0,0.0,,0,0,0,0,0,0,3,3,1,0,1,1,0,0
15551,llama31_8b_15551,0.5,2,1,1,1,0.0,0.0,0.0,,0,0,0,0,0,0,1,1,1,0,0,0,0,0
15554,llama31_8b_15554,0.0,1,0,1,0,,,,,0,0,0,0,0,0,0,1,0,0,1,0,1,0
15583,llama31_8b_15583,0.4,5,2,3,3,0.3333333333333333,0.3333333333333333,0.3333333333333333,1.0,1,1,1,0,0,0,2,1,1,0,0,0,0,0
15589,llama31_8b_15589,0.25,8,2,6,7,0.0,0.14285714285714285,0.14285714285714285,1.0,0,1,1,0,0,0,6,5,3,1,1,0,0,0
