source_id,response_id,entity_log_count,entity_ungrounded_rate,relation_log_count,relation_missing,claim_log_count,claim_missing,claim_unsupported_rate,claim_contradicted_rate,claim_unknown_rate
12167,llama31_8b_12167,1.9459101490553132,0.0,1.791759469228055,0,0.6931471805599453,0,0.0,0.0,0.0
12177,llama31_8b_12177,1.3862943611198906,0.0,1.0986122886681098,0,0.6931471805599453,0,0.0,0.0,0.0
12182,llama31_8b_12182,2.3978952727983707,0.3,2.1972245773362196,0,0.6931471805599453,0,0.0,0.0,0.0
12183,llama31_8b_12183,0.6931471805599453,1.0,0.0,1,0.0,1,0.0,0.0,0.0
12218,llama31_8b_12218,1.0986122886681098,0.0,0.6931471805599453,0,0.0,1,0.0,0.0,0.0
12228,llama31_8b_12228,1.791759469228055,0.6,1.791759469228055,0,0.0,1,0.0,0.0,0.0
12234,llama31_8b_12234,1.6094379124341003,0.75,0.0,1,0.0,1,0.0,0.0,0.0
12236,llama31_8b_12236,1.3862943611198906,0.3333333333333333,1.0986122886681098,0,0.0,1,0.0,0.0,0.0
12243,llama31_8b_12243,1.791759469228055,0.2,1.791759469228055,0,1.791759469228055,0,0.2,0.0,0.0
12252,llama31_8b_12252,2.3978952727983707,0.4,2.1972245773362196,0,1.3862943611198906,0,0.0,0.0,0.0
12264,llama31_8b_12264,1.9459101490553132,0.16666666666666666,1.791759469228055,0,1.6094379124341003,0,0.75,0.0,0.0
12269,llama31_8b_12269,2.3978952727983707,0.3,2.3978952727983707,0,2.0794415416798357,0,0.42857142857142855,0.0,0.0
12273,llama31_8b_12273,1.9459101490553132,0.3333333333333333,1.791759469228055,0,0.0,1,0.0,0.0,0.0
12287,llama31_8b_12287,2.3978952727983707,0.0,2.4849066497880004,0,2.6390573296152584,0,0.0,0.0,0.0
12291,llama31_8b_12291,2.3978952727983707,0.0,2.302585092994046,0,2.302585092994046,0,0.3333333333333333,0.0,0.0
12300,llama31_8b_12300,2.5649493574615367,0.0,3.091042453358316,0,2.833213344056216,0,0.0625,0.0,0.0
12305,llama31_8b_12305,2.3978952727983707,0.0,2.302585092994046,0,1.9459101490553132,0,0.0,0.0,0.0
12307,llama31_8b_12307,2.3978952727983707,0.1,2.0794415416798357,0,1.9459101490553132,0,0.0,0.0,0.0
12308,llama31_8b_12308,2.6390573296152584,0.0,2.70805020110221,0,0.0,1,0.0,0.0,0.0
12309,llama31_8b_12309,2.3978952727983707,0.0,2.4849066497880004,0,2.0794415416798357,0,0.14285714285714285,0.0,0.0
12314,llama31_8b_12314,2.4849066497880004,0.09090909090909091,2.3978952727983707,0,2.70805020110221,0,0.07142857142857142,0.0,0.0
12334,llama31_8b_12334,1.3862943611198906,0.0,1.0986122886681098,0,0.6931471805599453,0,0.0,0.0,0.0
12335,llama31_8b_12335,2.5649493574615367,0.08333333333333333,2.4849066497880004,0,2.4849066497880004,0,0.7272727272727273,0.0,0.0
12342,llama31_8b_12342,2.302585092994046,0.2222222222222222,1.9459101490553132,0,1.3862943611198906,0,0.0,0.0,0.0
12344,llama31_8b_12344,1.791759469228055,0.6,1.6094379124341003,0,0.6931471805599453,0,1.0,0.0,0.0
12358,llama31_8b_12358,1.3862943611198906,0.0,1.0986122886681098,0,1.6094379124341003,0,0.5,0.0,0.0
12364,llama31_8b_12364,2.833213344056216,0.25,2.70805020110221,0,1.791759469228055,0,0.0,0.0,0.0
12367,llama31_8b_12367,2.0794415416798357,0.14285714285714285,2.0794415416798357,0,1.6094379124341003,0,0.5,0.0,0.0
12372,llama31_8b_12372,2.995732273553991,0.15789473684210525,2.70805020110221,0,2.0794415416798357,0,0.14285714285714285,0.14285714285714285,0.0
12391,llama31_8b_12391,2.1972245773362196,0.125,2.0794415416798357,0,2.0794415416798357,0,0.5714285714285714,0.0,0.0
12414,llama31_8b_12414,2.4849066497880004,0.0,2.1972245773362196,0,1.0986122886681098,0,0.0,0.0,0.0
12422,llama31_8b_12422,0.6931471805599453,1.0,0.0,1,0.0,1,0.0,0.0,0.0
12423,llama31_8b_12423,1.9459101490553132,0.0,2.0794415416798357,0,1.9459101490553132,0,0.3333333333333333,0.0,0.0
12455,llama31_8b_12455,2.0794415416798357,0.5714285714285714,1.9459101490553132,0,1.791759469228055,0,0.0,0.0,0.0
14300,llama31_8b_14300,2.6390573296152584,0.23076923076923078,2.6390573296152584,0,2.302585092994046,0,0.1111111111111111,0.0,0.0
14318,llama31_8b_14318,2.0794415416798357,0.2857142857142857,1.6094379124341003,0,1.791759469228055,0,0.0,0.0,0.0
14319,llama31_8b_14319,2.6390573296152584,0.38461538461538464,2.6390573296152584,0,2.302585092994046,0,0.0,0.0,0.0
14323,llama31_8b_14323,0.6931471805599453,1.0,0.0,1,0.0,1,0.0,0.0,0.0
14327,llama31_8b_14327,2.0794415416798357,0.14285714285714285,1.9459101490553132,0,1.0986122886681098,0,0.0,0.0,0.0
14334,llama31_8b_14334,2.3978952727983707,0.2,2.0794415416798357,0,1.0986122886681098,0,0.0,0.0,0.0
14339,llama31_8b_14339,2.302585092994046,0.0,2.1972245773362196,0,2.3978952727983707,0,0.0,0.0,0.0
14347,llama31_8b_14347,2.8903717578961645,0.0,2.833213344056216,0,1.3862943611198906,0,0.0,0.0,0.0
14353,llama31_8b_14353,0.6931471805599453,1.0,0.0,1,0.0,1,0.0,0.0,0.0
14355,llama31_8b_14355,2.4849066497880004,0.0,2.833213344056216,0,2.4849066497880004,0,0.2727272727272727,0.0,0.0
14357,llama31_8b_14357,2.1972245773362196,0.0,2.302585092994046,0,2.0794415416798357,0,0.0,0.0,0.0
14360,llama31_8b_14360,1.9459101490553132,0.0,1.3862943611198906,0,0.0,1,0.0,0.0,0.0
14366,llama31_8b_14366,1.6094379124341003,0.0,1.3862943611198906,0,1.0986122886681098,0,0.0,0.0,0.0
14373,llama31_8b_14373,2.1972245773362196,0.625,2.0794415416798357,0,2.0794415416798357,0,0.5714285714285714,0.0,0.0
14375,llama31_8b_14375,2.1972245773362196,0.125,2.5649493574615367,0,1.791759469228055,0,0.2,0.0,0.0
14390,llama31_8b_14390,3.1354942159291497,0.045454545454545456,3.2188758248682006,0,3.1354942159291497,0,0.22727272727272727,0.09090909090909091,0.0
14391,llama31_8b_14391,2.302585092994046,0.0,1.791759469228055,0,1.791759469228055,0,0.0,0.0,0.0
14392,llama31_8b_14392,1.791759469228055,0.0,1.791759469228055,0,1.791759469228055,0,0.0,0.0,0.0
14394,llama31_8b_14394,2.4849066497880004,0.8181818181818182,2.4849066497880004,0,2.1972245773362196,0,0.875,0.0,0.0
14396,llama31_8b_14396,2.4849066497880004,0.2727272727272727,2.0794415416798357,0,1.9459101490553132,0,0.5,0.16666666666666666,0.0
14404,llama31_8b_14404,2.5649493574615367,0.16666666666666666,2.4849066497880004,0,2.3978952727983707,0,0.5,0.0,0.0
14405,llama31_8b_14405,1.9459101490553132,0.16666666666666666,1.9459101490553132,0,1.9459101490553132,0,0.5,0.0,0.0
14410,llama31_8b_14410,1.9459101490553132,0.0,1.3862943611198906,0,1.6094379124341003,0,0.0,0.0,0.0
14418,llama31_8b_14418,2.6390573296152584,0.07692307692307693,2.833213344056216,0,2.3978952727983707,0,0.1,0.0,0.0
14421,llama31_8b_14421,2.1972245773362196,0.0,2.302585092994046,0,2.0794415416798357,0,0.0,0.0,0.0
14433,llama31_8b_14433,2.1972245773362196,0.0,2.0794415416798357,0,2.0794415416798357,0,0.2857142857142857,0.14285714285714285,0.0
14435,llama31_8b_14435,2.1972245773362196,0.125,1.791759469228055,0,0.0,1,0.0,0.0,0.0
14445,llama31_8b_14445,1.791759469228055,0.0,1.791759469228055,0,1.0986122886681098,0,0.0,0.0,0.0
14458,llama31_8b_14458,2.833213344056216,0.0625,2.6390573296152584,0,1.0986122886681098,0,0.5,0.0,0.0
14468,llama31_8b_14468,2.302585092994046,0.0,2.0794415416798357,0,0.0,1,0.0,0.0,0.0
14470,llama31_8b_14470,1.791759469228055,0.0,1.6094379124341003,0,1.0986122886681098,0,0.5,0.0,0.0
15092,llama31_8b_15092,2.0794415416798357,0.14285714285714285,1.9459101490553132,0,1.791759469228055,0,0.0,0.0,0.0
15097,llama31_8b_15097,2.0794415416798357,0.14285714285714285,2.0794415416798357,0,1.9459101490553132,0,0.0,0.0,0.0
15103,llama31_8b_15103,2.772588722239781,0.3333333333333333,2.5649493574615367,0,1.791759469228055,0,0.0,0.0,0.0
15107,llama31_8b_15107,2.0794415416798357,0.0,1.791759469228055,0,1.791759469228055,0,0.4,0.0,0.0
15108,llama31_8b_15108,2.4849066497880004,0.18181818181818182,1.791759469228055,0,1.9459101490553132,0,0.0,0.0,0.0
15111,llama31_8b_15111,2.3978952727983707,0.2,2.1972245773362196,0,2.0794415416798357,0,0.14285714285714285,0.0,0.0
15112,llama31_8b_15112,2.5649493574615367,0.08333333333333333,2.5649493574615367,0,1.9459101490553132,0,0.0,0.0,0.0
15120,llama31_8b_15120,0.6931471805599453,1.0,0.0,1,0.0,1,0.0,0.0,0.0
15124,llama31_8b_15124,2.70805020110221,0.21428571428571427,2.3978952727983707,0,0.0,1,0.0,0.0,0.0
15130,llama31_8b_15130,1.6094379124341003,0.25,1.6094379124341003,0,1.791759469228055,0,0.0,0.0,0.0
15135,llama31_8b_15135,1.791759469228055,0.0,1.9459101490553132,0,1.3862943611198906,0,0.0,0.0,0.0
15138,llama31_8b_15138,1.9459101490553132,0.5,1.791759469228055,0,1.6094379124341003,0,0.25,0.0,0.0
15143,llama31_8b_15143,2.4849066497880004,0.18181818181818182,2.302585092994046,0,2.4849066497880004,0,0.0,0.0,0.0
15147,llama31_8b_15147,2.4849066497880004,0.0,2.4849066497880004,0,2.1972245773362196,0,0.125,0.0,0.0
15149,llama31_8b_15149,1.791759469228055,0.0,1.3862943611198906,0,1.791759469228055,0,0.4,0.0,0.0
15158,llama31_8b_15158,2.70805020110221,0.07142857142857142,2.4849066497880004,0,0.0,1,0.0,0.0,0.0
15160,llama31_8b_15160,2.8903717578961645,0.11764705882352941,2.5649493574615367,0,0.0,1,0.0,0.0,0.0
15164,llama31_8b_15164,1.0986122886681098,0.0,0.6931471805599453,0,0.0,1,0.0,0.0,0.0
15168,llama31_8b_15168,2.302585092994046,0.5555555555555556,2.302585092994046,0,1.791759469228055,0,0.2,0.2,0.0
15175,llama31_8b_15175,2.302585092994046,0.3333333333333333,2.4849066497880004,0,1.9459101490553132,0,0.0,0.0,0.0
15180,llama31_8b_15180,2.772588722239781,0.06666666666666667,2.5649493574615367,0,1.791759469228055,0,0.0,0.0,0.0
15206,llama31_8b_15206,2.772588722239781,0.06666666666666667,2.3978952727983707,0,1.6094379124341003,0,0.5,0.0,0.0
15210,llama31_8b_15210,2.5649493574615367,0.08333333333333333,2.4849066497880004,0,2.3978952727983707,0,0.2,0.0,0.0
15238,llama31_8b_15238,2.4849066497880004,0.18181818181818182,2.3978952727983707,0,2.0794415416798357,0,0.7142857142857143,0.0,0.0
15239,llama31_8b_15239,2.6390573296152584,0.0,2.6390573296152584,0,2.4849066497880004,0,0.5454545454545454,0.0,0.0
15243,llama31_8b_15243,2.5649493574615367,0.08333333333333333,2.4849066497880004,0,2.302585092994046,0,0.8888888888888888,0.0,0.0
15254,llama31_8b_15254,2.9444389791664403,0.5,2.8903717578961645,0,2.4849066497880004,0,0.0,0.09090909090909091,0.0
15262,llama31_8b_15262,2.1972245773362196,0.375,2.0794415416798357,0,1.3862943611198906,0,0.0,0.3333333333333333,0.0
15269,llama31_8b_15269,2.3978952727983707,0.2,2.1972245773362196,0,2.0794415416798357,0,0.0,0.0,0.0
15275,llama31_8b_15275,2.5649493574615367,0.0,2.3978952727983707,0,2.3978952727983707,0,0.6,0.0,0.0
15286,llama31_8b_15286,2.0794415416798357,0.0,2.0794415416798357,0,1.6094379124341003,0,0.0,0.0,0.0
15288,llama31_8b_15288,1.6094379124341003,0.0,1.9459101490553132,0,1.0986122886681098,0,0.0,0.0,0.0
15300,llama31_8b_15300,1.6094379124341003,0.25,1.3862943611198906,0,0.0,1,0.0,0.0,0.0
15301,llama31_8b_15301,2.1972245773362196,0.125,1.791759469228055,0,2.0794415416798357,0,0.2857142857142857,0.14285714285714285,0.0
15302,llama31_8b_15302,1.9459101490553132,0.16666666666666666,1.9459101490553132,0,1.3862943611198906,0,0.0,0.0,0.0
15308,llama31_8b_15308,2.1972245773362196,0.375,1.9459101490553132,0,1.791759469228055,0,0.2,0.4,0.0
15313,llama31_8b_15313,1.3862943611198906,0.0,1.0986122886681098,0,0.0,1,0.0,0.0,0.0
15315,llama31_8b_15315,2.70805020110221,0.07142857142857142,2.302585092994046,0,2.0794415416798357,0,0.14285714285714285,0.0,0.0
15317,llama31_8b_15317,2.5649493574615367,0.25,2.6390573296152584,0,2.3978952727983707,0,0.0,0.0,0.0
15320,llama31_8b_15320,0.6931471805599453,1.0,0.0,1,0.0,1,0.0,0.0,0.0
15332,llama31_8b_15332,2.5649493574615367,0.08333333333333333,2.3978952727983707,0,2.8903717578961645,0,0.4117647058823529,0.0,0.0
15338,llama31_8b_15338,2.833213344056216,0.125,2.995732273553991,0,2.4849066497880004,0,0.09090909090909091,0.0,0.0
15339,llama31_8b_15339,2.3978952727983707,0.2,2.302585092994046,0,1.6094379124341003,0,0.0,0.25,0.0
15369,llama31_8b_15369,2.5649493574615367,0.0,2.302585092994046,0,1.791759469228055,0,0.2,0.0,0.0
15371,llama31_8b_15371,1.9459101490553132,0.5,2.302585092994046,0,1.791759469228055,0,0.4,0.0,0.0
15373,llama31_8b_15373,3.6635616461296463,0.05263157894736842,3.6109179126442243,0,3.58351893845611,0,0.05714285714285714,0.0,0.0
15378,llama31_8b_15378,2.772588722239781,0.0,2.772588722239781,0,2.833213344056216,0,0.0,0.0,0.0
15379,llama31_8b_15379,2.302585092994046,0.0,1.6094379124341003,0,1.9459101490553132,0,0.0,0.0,0.0
15381,llama31_8b_15381,0.6931471805599453,1.0,0.0,1,0.0,1,0.0,0.0,0.0
15383,llama31_8b_15383,2.5649493574615367,0.16666666666666666,2.5649493574615367,0,1.791759469228055,0,0.6,0.0,0.0
15388,llama31_8b_15388,1.3862943611198906,0.3333333333333333,1.0986122886681098,0,0.0,1,0.0,0.0,0.0
15390,llama31_8b_15390,2.302585092994046,0.1111111111111111,2.0794415416798357,0,1.6094379124341003,0,1.0,0.0,0.0
15395,llama31_8b_15395,2.3978952727983707,0.0,2.3978952727983707,0,1.9459101490553132,0,0.16666666666666666,0.0,0.0
15397,llama31_8b_15397,0.6931471805599453,0.0,0.0,1,0.0,1,0.0,0.0,0.0
15402,llama31_8b_15402,1.791759469228055,0.4,1.791759469228055,0,0.0,1,0.0,0.0,0.0
15420,llama31_8b_15420,0.6931471805599453,1.0,0.0,1,0.0,1,0.0,0.0,0.0
15422,llama31_8b_15422,2.1972245773362196,0.0,1.791759469228055,0,1.9459101490553132,0,0.0,0.0,0.0
15438,llama31_8b_15438,3.2188758248682006,0.08333333333333333,2.833213344056216,0,2.4849066497880004,0,0.36363636363636365,0.0,0.0
15442,llama31_8b_15442,2.6390573296152584,0.38461538461538464,2.0794415416798357,0,2.3978952727983707,0,0.0,0.0,0.0
15450,llama31_8b_15450,2.4849066497880004,0.36363636363636365,2.3978952727983707,0,1.9459101490553132,0,0.3333333333333333,0.0,0.0
15453,llama31_8b_15453,0.6931471805599453,1.0,0.0,1,0.0,1,0.0,0.0,0.0
15454,llama31_8b_15454,1.791759469228055,0.0,1.6094379124341003,0,1.791759469228055,0,0.2,0.0,0.0
15455,llama31_8b_15455,2.6390573296152584,0.46153846153846156,2.6390573296152584,0,2.5649493574615367,0,0.16666666666666666,0.0,0.0
15466,llama31_8b_15466,2.0794415416798357,0.0,1.9459101490553132,0,1.9459101490553132,0,0.16666666666666666,0.0,0.0
15478,llama31_8b_15478,2.3978952727983707,0.1,2.302585092994046,0,2.302585092994046,0,0.2222222222222222,0.0,0.0
15497,llama31_8b_15497,2.302585092994046,0.0,2.302585092994046,0,2.4849066497880004,0,0.0,0.0,0.0
15498,llama31_8b_15498,2.3978952727983707,0.1,2.0794415416798357,0,2.3978952727983707,0,0.2,0.0,0.0
15501,llama31_8b_15501,1.791759469228055,0.6,1.6094379124341003,0,1.0986122886681098,0,0.5,0.0,0.0
15513,llama31_8b_15513,0.6931471805599453,1.0,0.0,1,0.0,1,0.0,0.0,0.0
15525,llama31_8b_15525,2.0794415416798357,0.2857142857142857,1.791759469228055,0,1.3862943611198906,0,0.3333333333333333,0.0,0.0
15529,llama31_8b_15529,2.0794415416798357,0.42857142857142855,1.9459101490553132,0,1.3862943611198906,0,0.0,0.0,0.0
15533,llama31_8b_15533,1.9459101490553132,0.5,1.9459101490553132,0,1.9459101490553132,0,0.16666666666666666,0.0,0.0
15535,llama31_8b_15535,2.70805020110221,0.0,2.6390573296152584,0,2.6390573296152584,0,0.38461538461538464,0.0,0.0
15539,llama31_8b_15539,1.6094379124341003,0.25,1.791759469228055,0,0.0,1,0.0,0.0,0.0
15540,llama31_8b_15540,1.9459101490553132,0.3333333333333333,1.791759469228055,0,1.791759469228055,0,0.0,0.0,0.0
15542,llama31_8b_15542,2.8903717578961645,0.35294117647058826,2.833213344056216,0,3.044522437723423,0,0.6,0.0,0.0
15543,llama31_8b_15543,1.3862943611198906,0.3333333333333333,1.0986122886681098,0,0.6931471805599453,0,0.0,0.0,0.0
15546,llama31_8b_15546,2.3978952727983707,0.3,2.302585092994046,0,1.791759469228055,0,0.6,0.0,0.0
15550,llama31_8b_15550,2.4849066497880004,0.0,2.302585092994046,0,1.3862943611198906,0,0.0,0.0,0.0
15551,llama31_8b_15551,1.3862943611198906,0.3333333333333333,1.3862943611198906,0,0.6931471805599453,0,0.0,0.0,0.0
15552,llama31_8b_15552,2.4849066497880004,0.5454545454545454,2.4849066497880004,0,2.302585092994046,0,0.1111111111111111,0.0,0.0
15572,llama31_8b_15572,2.995732273553991,0.05263157894736842,2.8903717578961645,0,2.6390573296152584,0,0.0,0.07692307692307693,0.0
15576,llama31_8b_15576,1.791759469228055,0.0,1.6094379124341003,0,1.0986122886681098,0,0.0,0.0,0.0
15577,llama31_8b_15577,2.1972245773362196,0.375,2.0794415416798357,0,1.791759469228055,0,0.8,0.0,0.0
15583,llama31_8b_15583,1.791759469228055,0.6,1.3862943611198906,0,0.6931471805599453,0,0.0,0.0,0.0
12161,llama31_8b_12161,0.6931471805599453,1.0,0.0,1,0.0,1,0.0,0.0,0.0
12162,llama31_8b_12162,1.6094379124341003,0.25,1.3862943611198906,0,0.0,1,0.0,0.0,0.0
12168,llama31_8b_12168,2.4849066497880004,0.5454545454545454,2.1972245773362196,0,1.6094379124341003,0,0.0,0.0,0.0
12169,llama31_8b_12169,1.9459101490553132,0.5,1.0986122886681098,0,1.3862943611198906,0,0.3333333333333333,0.0,0.0
12171,llama31_8b_12171,2.3978952727983707,0.4,2.1972245773362196,0,1.3862943611198906,0,1.0,0.0,0.0
12172,llama31_8b_12172,0.6931471805599453,1.0,0.0,1,0.0,1,0.0,0.0,0.0
12173,llama31_8b_12173,2.1972245773362196,0.375,2.0794415416798357,0,1.3862943611198906,0,0.3333333333333333,0.0,0.0
12174,llama31_8b_12174,2.0794415416798357,0.5714285714285714,2.1972245773362196,0,1.6094379124341003,0,0.0,0.0,0.0
12175,llama31_8b_12175,1.9459101490553132,0.16666666666666666,1.9459101490553132,0,1.3862943611198906,0,0.0,0.0,0.0
12180,llama31_8b_12180,2.0794415416798357,0.14285714285714285,1.6094379124341003,0,1.0986122886681098,0,1.0,0.0,0.0
12181,llama31_8b_12181,2.3978952727983707,0.4,2.3978952727983707,0,2.0794415416798357,0,1.0,0.0,0.0
12185,llama31_8b_12185,0.6931471805599453,1.0,0.0,1,0.0,1,0.0,0.0,0.0
12187,llama31_8b_12187,0.6931471805599453,1.0,0.0,1,0.0,1,0.0,0.0,0.0
12188,llama31_8b_12188,2.3978952727983707,0.0,2.302585092994046,0,0.6931471805599453,0,0.0,0.0,0.0
12189,llama31_8b_12189,2.995732273553991,0.7894736842105263,2.9444389791664403,0,2.1972245773362196,0,1.0,0.0,0.0
12190,llama31_8b_12190,1.9459101490553132,0.0,1.6094379124341003,0,1.0986122886681098,0,0.0,0.0,0.0
12191,llama31_8b_12191,2.1972245773362196,0.125,2.0794415416798357,0,1.9459101490553132,0,1.0,0.0,0.0
12192,llama31_8b_12192,2.1972245773362196,0.5,2.0794415416798357,0,0.0,1,0.0,0.0,0.0
12193,llama31_8b_12193,2.302585092994046,0.3333333333333333,2.0794415416798357,0,1.3862943611198906,0,0.6666666666666666,0.0,0.0
12194,llama31_8b_12194,2.302585092994046,0.2222222222222222,2.302585092994046,0,1.9459101490553132,0,0.3333333333333333,0.0,0.0
12195,llama31_8b_12195,1.6094379124341003,0.25,1.3862943611198906,0,0.0,1,0.0,0.0,0.0
12196,llama31_8b_12196,1.3862943611198906,0.6666666666666666,1.0986122886681098,0,0.0,1,0.0,0.0,0.0
12197,llama31_8b_12197,0.6931471805599453,1.0,0.0,1,0.0,1,0.0,0.0,0.0
12199,llama31_8b_12199,0.6931471805599453,1.0,0.0,1,0.0,1,0.0,0.0,0.0
12200,llama31_8b_12200,1.3862943611198906,0.6666666666666666,1.0986122886681098,0,0.0,1,0.0,0.0,0.0
12201,llama31_8b_12201,1.9459101490553132,0.0,1.791759469228055,0,1.6094379124341003,0,0.25,0.0,0.0
12202,llama31_8b_12202,0.6931471805599453,1.0,0.0,1,0.0,1,0.0,0.0,0.0
12203,llama31_8b_12203,2.833213344056216,0.0625,2.5649493574615367,0,2.302585092994046,0,0.4444444444444444,0.0,0.0
12206,llama31_8b_12206,0.6931471805599453,1.0,0.0,1,0.0,1,0.0,0.0,0.0
12207,llama31_8b_12207,2.70805020110221,0.07142857142857142,2.5649493574615367,0,2.1972245773362196,0,0.25,0.0,0.0
12211,llama31_8b_12211,0.6931471805599453,1.0,0.0,1,0.0,1,0.0,0.0,0.0
12212,llama31_8b_12212,1.6094379124341003,0.25,1.3862943611198906,0,0.0,1,0.0,0.0,0.0
12213,llama31_8b_12213,2.302585092994046,0.2222222222222222,1.9459101490553132,0,2.1972245773362196,0,0.125,0.0,0.0
12214,llama31_8b_12214,0.6931471805599453,1.0,0.0,1,0.0,1,0.0,0.0,0.0
12215,llama31_8b_12215,2.1972245773362196,0.625,1.6094379124341003,0,0.0,1,0.0,0.0,0.0
12216,llama31_8b_12216,1.9459101490553132,0.16666666666666666,1.6094379124341003,0,1.3862943611198906,0,0.6666666666666666,0.0,0.0
12217,llama31_8b_12217,0.6931471805599453,1.0,0.0,1,0.0,1,0.0,0.0,0.0
12220,llama31_8b_12220,1.6094379124341003,0.5,1.3862943611198906,0,0.0,1,0.0,0.0,0.0
12221,llama31_8b_12221,1.6094379124341003,0.25,1.3862943611198906,0,1.0986122886681098,0,0.5,0.0,0.0
12223,llama31_8b_12223,2.302585092994046,0.0,1.9459101490553132,0,1.791759469228055,0,0.4,0.0,0.0
12224,llama31_8b_12224,1.9459101490553132,0.3333333333333333,1.3862943611198906,0,0.0,1,0.0,0.0,0.0
12225,llama31_8b_12225,0.6931471805599453,1.0,0.0,1,0.0,1,0.0,0.0,0.0
12230,llama31_8b_12230,0.6931471805599453,1.0,0.0,1,0.0,1,0.0,0.0,0.0
12231,llama31_8b_12231,1.791759469228055,0.2,1.6094379124341003,0,1.3862943611198906,0,0.0,0.0,0.0
12233,llama31_8b_12233,0.6931471805599453,1.0,0.0,1,0.0,1,0.0,0.0,0.0
12235,llama31_8b_12235,1.6094379124341003,0.25,1.0986122886681098,0,0.0,1,0.0,0.0,0.0
12237,llama31_8b_12237,2.772588722239781,0.0,2.3978952727983707,0,2.0794415416798357,0,0.0,0.0,0.0
12238,llama31_8b_12238,2.3978952727983707,0.7,2.3978952727983707,0,2.302585092994046,0,0.5555555555555556,0.1111111111111111,0.0
12239,llama31_8b_12239,1.791759469228055,0.6,1.9459101490553132,0,0.0,1,0.0,0.0,0.0
12240,llama31_8b_12240,0.6931471805599453,1.0,0.0,1,0.0,1,0.0,0.0,0.0
12241,llama31_8b_12241,0.6931471805599453,1.0,0.0,1,0.0,1,0.0,0.0,0.0
12242,llama31_8b_12242,1.6094379124341003,0.0,1.9459101490553132,0,1.3862943611198906,0,0.0,0.0,0.0
12244,llama31_8b_12244,2.0794415416798357,0.42857142857142855,1.791759469228055,0,0.6931471805599453,0,1.0,0.0,0.0
12245,llama31_8b_12245,2.0794415416798357,0.2857142857142857,1.791759469228055,0,1.3862943611198906,0,0.0,0.0,0.0
12246,llama31_8b_12246,1.3862943611198906,0.3333333333333333,1.0986122886681098,0,0.0,1,0.0,0.0,0.0
12247,llama31_8b_12247,1.791759469228055,0.6,1.791759469228055,0,0.0,1,0.0,0.0,0.0
12249,llama31_8b_12249,1.3862943611198906,0.6666666666666666,1.0986122886681098,0,0.0,1,0.0,0.0,0.0
12251,llama31_8b_12251,1.3862943611198906,0.0,1.3862943611198906,0,1.0986122886681098,0,0.0,0.0,0.0
12253,llama31_8b_12253,1.0986122886681098,0.5,1.0986122886681098,0,0.0,1,0.0,0.0,0.0
12254,llama31_8b_12254,2.302585092994046,0.3333333333333333,2.3978952727983707,0,1.9459101490553132,0,0.16666666666666666,0.0,0.0
12255,llama31_8b_12255,0.6931471805599453,1.0,0.0,1,0.0,1,0.0,0.0,0.0
12256,llama31_8b_12256,2.1972245773362196,0.625,2.0794415416798357,0,0.0,1,0.0,0.0,0.0
12257,llama31_8b_12257,2.4849066497880004,0.09090909090909091,2.4849066497880004,0,1.6094379124341003,0,0.5,0.0,0.0
12259,llama31_8b_12259,2.5649493574615367,0.0,2.4849066497880004,0,1.9459101490553132,0,0.6666666666666666,0.0,0.0
12260,llama31_8b_12260,0.6931471805599453,1.0,0.0,1,0.0,1,0.0,0.0,0.0
12261,llama31_8b_12261,2.70805020110221,0.42857142857142855,2.3978952727983707,0,2.0794415416798357,0,0.7142857142857143,0.0,0.0
12262,llama31_8b_12262,1.791759469228055,0.2,1.0986122886681098,0,0.0,1,0.0,0.0,0.0
12263,llama31_8b_12263,0.6931471805599453,1.0,0.0,1,0.0,1,0.0,0.0,0.0
12265,llama31_8b_12265,2.0794415416798357,0.0,1.6094379124341003,0,1.0986122886681098,0,0.5,0.0,0.0
12266,llama31_8b_12266,1.6094379124341003,0.0,2.0794415416798357,0,1.0986122886681098,0,0.5,0.0,0.0
12267,llama31_8b_12267,1.9459101490553132,0.3333333333333333,1.791759469228055,0,1.3862943611198906,0,0.0,0.0,0.0
12268,llama31_8b_12268,1.6094379124341003,0.25,1.0986122886681098,0,0.0,1,0.0,0.0,0.0
12270,llama31_8b_12270,1.6094379124341003,0.25,1.3862943611198906,0,1.3862943611198906,0,1.0,0.0,0.0
12272,llama31_8b_12272,0.6931471805599453,1.0,0.0,1,0.0,1,0.0,0.0,0.0
12274,llama31_8b_12274,1.0986122886681098,0.0,0.6931471805599453,0,0.0,1,0.0,0.0,0.0
12275,llama31_8b_12275,0.6931471805599453,1.0,0.0,1,0.0,1,0.0,0.0,0.0
12276,llama31_8b_12276,1.3862943611198906,0.3333333333333333,1.0986122886681098,0,0.0,1,0.0,0.0,0.0
12277,llama31_8b_12277,1.9459101490553132,0.0,1.6094379124341003,0,1.3862943611198906,0,0.0,0.0,0.0
12279,llama31_8b_12279,3.4657359027997265,0.03225806451612903,3.1780538303479458,0,3.1780538303479458,0,0.0,0.0,0.0
12280,llama31_8b_12280,0.6931471805599453,0.0,0.6931471805599453,0,0.6931471805599453,0,1.0,0.0,0.0
12281,llama31_8b_12281,2.6390573296152584,0.3076923076923077,2.3978952727983707,0,2.0794415416798357,0,0.5714285714285714,0.0,0.0
12282,llama31_8b_12282,2.5649493574615367,0.4166666666666667,2.8903717578961645,0,2.9444389791664403,0,0.6666666666666666,0.2222222222222222,0.0
12283,llama31_8b_12283,1.0986122886681098,0.5,0.6931471805599453,0,1.0986122886681098,0,0.5,0.5,0.0
12286,llama31_8b_12286,2.6390573296152584,0.0,2.302585092994046,0,2.1972245773362196,0,0.0,0.0,0.0
12288,llama31_8b_12288,2.5649493574615367,0.0,2.1972245773362196,0,1.0986122886681098,0,0.5,0.0,0.0
12289,llama31_8b_12289,2.3978952727983707,0.4,2.302585092994046,0,1.791759469228055,0,0.4,0.0,0.0
12290,llama31_8b_12290,1.9459101490553132,0.8333333333333334,1.9459101490553132,0,0.0,1,0.0,0.0,0.0
12292,llama31_8b_12292,0.6931471805599453,1.0,0.0,1,0.0,1,0.0,0.0,0.0
12293,llama31_8b_12293,2.3978952727983707,0.0,2.1972245773362196,0,1.9459101490553132,0,0.5,0.0,0.0
12294,llama31_8b_12294,2.5649493574615367,0.08333333333333333,2.0794415416798357,0,1.3862943611198906,0,0.3333333333333333,0.0,0.0
12295,llama31_8b_12295,2.4849066497880004,0.36363636363636365,2.5649493574615367,0,2.1972245773362196,0,0.375,0.0,0.0
12296,llama31_8b_12296,1.791759469228055,0.4,1.6094379124341003,0,0.0,1,0.0,0.0,0.0
12298,llama31_8b_12298,2.1972245773362196,0.0,2.4849066497880004,0,1.0986122886681098,0,1.0,0.0,0.0
12301,llama31_8b_12301,2.833213344056216,0.0625,2.772588722239781,0,2.70805020110221,0,0.07142857142857142,0.0,0.0
12302,llama31_8b_12302,2.5649493574615367,0.0,2.4849066497880004,0,1.791759469228055,0,0.2,0.0,0.0
12303,llama31_8b_12303,2.3978952727983707,0.1,2.1972245773362196,0,1.0986122886681098,0,0.0,0.0,0.0
12304,llama31_8b_12304,2.70805020110221,0.07142857142857142,2.772588722239781,0,0.6931471805599453,0,0.0,0.0,0.0
12306,llama31_8b_12306,2.5649493574615367,0.25,2.70805020110221,0,2.772588722239781,0,0.26666666666666666,0.0,0.0
12310,llama31_8b_12310,1.6094379124341003,0.25,1.3862943611198906,0,0.0,1,0.0,0.0,0.0
12311,llama31_8b_12311,1.791759469228055,0.4,1.791759469228055,0,1.0986122886681098,0,0.0,0.5,0.0
12313,llama31_8b_12313,1.791759469228055,0.4,1.6094379124341003,0,1.791759469228055,0,0.4,0.4,0.0
12318,llama31_8b_12318,2.6390573296152584,0.0,1.9459101490553132,0,2.4849066497880004,0,0.09090909090909091,0.0,0.0
12319,llama31_8b_12319,1.9459101490553132,0.3333333333333333,1.791759469228055,0,2.0794415416798357,0,0.42857142857142855,0.0,0.0
12320,llama31_8b_12320,1.791759469228055,0.0,1.3862943611198906,0,1.0986122886681098,0,0.0,0.0,0.0
12322,llama31_8b_12322,1.6094379124341003,0.25,1.3862943611198906,0,0.0,1,0.0,0.0,0.0
12323,llama31_8b_12323,0.6931471805599453,1.0,0.0,1,0.0,1,0.0,0.0,0.0
12324,llama31_8b_12324,3.258096538021482,0.08,3.1354942159291497,0,3.2188758248682006,0,0.08333333333333333,0.0,0.0
12325,llama31_8b_12325,2.0794415416798357,0.0,2.1972245773362196,0,2.302585092994046,0,0.0,0.0,0.0
12326,llama31_8b_12326,2.302585092994046,0.0,2.1972245773362196,0,1.9459101490553132,0,1.0,0.0,0.0
12331,llama31_8b_12331,3.1354942159291497,0.18181818181818182,2.9444389791664403,0,2.5649493574615367,0,0.3333333333333333,0.0,0.0
12333,llama31_8b_12333,2.1972245773362196,0.0,1.9459101490553132,0,1.9459101490553132,0,0.0,0.0,0.0
12336,llama31_8b_12336,1.3862943611198906,0.6666666666666666,1.0986122886681098,0,0.0,1,0.0,0.0,0.0
12340,llama31_8b_12340,1.3862943611198906,0.0,0.6931471805599453,0,1.3862943611198906,0,0.0,0.0,0.0
12343,llama31_8b_12343,2.1972245773362196,0.0,2.1972245773362196,0,2.5649493574615367,0,0.0,0.0,0.0
12345,llama31_8b_12345,2.772588722239781,0.3333333333333333,2.4849066497880004,0,1.6094379124341003,0,0.5,0.0,0.0
12346,llama31_8b_12346,2.1972245773362196,0.0,2.1972245773362196,0,0.0,1,0.0,0.0,0.0
12347,llama31_8b_12347,2.302585092994046,0.2222222222222222,2.302585092994046,0,0.6931471805599453,0,0.0,0.0,0.0
12348,llama31_8b_12348,2.8903717578961645,0.47058823529411764,2.70805020110221,0,2.3978952727983707,0,0.8,0.1,0.0
12349,llama31_8b_12349,0.6931471805599453,1.0,0.0,1,0.0,1,0.0,0.0,0.0
12350,llama31_8b_12350,2.833213344056216,0.125,2.8903717578961645,0,1.9459101490553132,0,0.16666666666666666,0.0,0.0
12352,llama31_8b_12352,2.6390573296152584,0.23076923076923078,2.302585092994046,0,2.0794415416798357,0,0.2857142857142857,0.0,0.0
12354,llama31_8b_12354,2.772588722239781,0.13333333333333333,2.3978952727983707,0,2.5649493574615367,0,0.25,0.0,0.0
12355,llama31_8b_12355,2.302585092994046,0.1111111111111111,2.1972245773362196,0,1.3862943611198906,0,0.0,0.0,0.0
12357,llama31_8b_12357,2.3978952727983707,0.4,2.1972245773362196,0,2.1972245773362196,0,0.125,0.0,0.0
12359,llama31_8b_12359,3.1354942159291497,0.13636363636363635,2.6390573296152584,0,2.1972245773362196,0,0.0,0.0,0.0
12361,llama31_8b_12361,2.833213344056216,0.0,2.302585092994046,0,2.1972245773362196,0,0.0,0.0,0.0
12363,llama31_8b_12363,2.1972245773362196,0.0,2.0794415416798357,0,1.3862943611198906,0,0.6666666666666666,0.0,0.0
12365,llama31_8b_12365,2.0794415416798357,0.14285714285714285,1.791759469228055,0,0.6931471805599453,0,0.0,0.0,0.0
12369,llama31_8b_12369,2.772588722239781,0.06666666666666667,2.772588722239781,0,2.833213344056216,0,0.0625,0.0,0.0
12370,llama31_8b_12370,2.5649493574615367,0.8333333333333334,2.302585092994046,0,1.791759469228055,0,0.6,0.0,0.0
12373,llama31_8b_12373,2.70805020110221,0.9285714285714286,2.4849066497880004,0,2.1972245773362196,0,0.625,0.25,0.0
12374,llama31_8b_12374,2.772588722239781,0.0,2.70805020110221,0,2.70805020110221,0,0.0,0.0,0.0
12375,llama31_8b_12375,2.0794415416798357,0.42857142857142855,2.1972245773362196,0,1.3862943611198906,0,0.0,0.0,0.0
12377,llama31_8b_12377,2.4849066497880004,0.7272727272727273,2.1972245773362196,0,2.0794415416798357,0,0.0,0.0,0.0
12378,llama31_8b_12378,3.044522437723423,0.05,3.258096538021482,0,2.302585092994046,0,0.0,0.0,0.0
12379,llama31_8b_12379,1.791759469228055,0.2,1.6094379124341003,0,1.3862943611198906,0,0.6666666666666666,0.0,0.0
12380,llama31_8b_12380,2.302585092994046,0.5555555555555556,2.1972245773362196,0,2.4849066497880004,0,0.09090909090909091,0.0,0.0
12381,llama31_8b_12381,2.302585092994046,0.1111111111111111,1.9459101490553132,0,0.6931471805599453,0,1.0,0.0,0.0
12382,llama31_8b_12382,2.70805020110221,0.21428571428571427,2.1972245773362196,0,1.6094379124341003,0,0.75,0.0,0.0
12387,llama31_8b_12387,2.6390573296152584,0.07692307692307693,2.302585092994046,0,1.6094379124341003,0,0.0,0.0,0.0
12389,llama31_8b_12389,1.791759469228055,0.2,1.6094379124341003,0,1.3862943611198906,0,0.0,0.0,0.0
12390,llama31_8b_12390,2.5649493574615367,0.08333333333333333,2.70805020110221,0,2.9444389791664403,0,0.16666666666666666,0.1111111111111111,0.0
12392,llama31_8b_12392,0.6931471805599453,1.0,0.0,1,0.0,1,0.0,0.0,0.0
12393,llama31_8b_12393,2.9444389791664403,0.2222222222222222,2.1972245773362196,0,0.0,1,0.0,0.0,0.0
12395,llama31_8b_12395,2.302585092994046,0.5555555555555556,2.5649493574615367,0,0.6931471805599453,0,1.0,0.0,0.0
12396,llama31_8b_12396,2.70805020110221,0.0,2.5649493574615367,0,0.0,1,0.0,0.0,0.0
12400,llama31_8b_12400,2.70805020110221,0.07142857142857142,2.5649493574615367,0,2.0794415416798357,0,0.42857142857142855,0.0,0.0
12401,llama31_8b_12401,2.1972245773362196,0.0,1.6094379124341003,0,1.9459101490553132,0,0.0,0.16666666666666666,0.0
12403,llama31_8b_12403,2.3978952727983707,0.1,2.0794415416798357,0,1.9459101490553132,0,0.16666666666666666,0.0,0.0
12405,llama31_8b_12405,1.791759469228055,0.2,1.9459101490553132,0,0.0,1,0.0,0.0,0.0
12406,llama31_8b_12406,2.833213344056216,0.25,2.3978952727983707,0,2.0794415416798357,0,0.5714285714285714,0.0,0.0
12410,llama31_8b_12410,1.791759469228055,0.4,1.6094379124341003,0,1.3862943611198906,0,0.3333333333333333,0.0,0.0
12412,llama31_8b_12412,0.6931471805599453,1.0,0.0,1,0.0,1,0.0,0.0,0.0
12413,llama31_8b_12413,2.1972245773362196,0.25,1.6094379124341003,0,2.1972245773362196,0,0.125,0.0,0.0
12415,llama31_8b_12415,2.3978952727983707,0.4,2.3978952727983707,0,0.6931471805599453,0,1.0,0.0,0.0
12416,llama31_8b_12416,2.6390573296152584,0.0,2.5649493574615367,0,1.791759469228055,0,0.4,0.0,0.0
12417,llama31_8b_12417,2.0794415416798357,0.0,1.9459101490553132,0,0.6931471805599453,0,0.0,0.0,0.0
12418,llama31_8b_12418,2.5649493574615367,0.25,2.302585092994046,0,2.4849066497880004,0,0.2727272727272727,0.0,0.0
12419,llama31_8b_12419,1.791759469228055,0.2,1.791759469228055,0,0.0,1,0.0,0.0,0.0
12420,llama31_8b_12420,2.3978952727983707,0.1,2.0794415416798357,0,1.9459101490553132,0,0.16666666666666666,0.0,0.0
12425,llama31_8b_12425,2.5649493574615367,0.0,2.4849066497880004,0,2.0794415416798357,0,0.5714285714285714,0.0,0.0
12426,llama31_8b_12426,2.772588722239781,0.06666666666666667,2.6390573296152584,0,2.3978952727983707,0,0.2,0.0,0.0
12427,llama31_8b_12427,2.6390573296152584,0.3076923076923077,2.3978952727983707,0,2.302585092994046,0,0.0,0.0,0.0
12428,llama31_8b_12428,2.0794415416798357,0.5714285714285714,1.791759469228055,0,1.791759469228055,0,0.0,0.0,0.0
12429,llama31_8b_12429,2.833213344056216,0.75,2.5649493574615367,0,2.0794415416798357,0,0.14285714285714285,0.42857142857142855,0.0
12430,llama31_8b_12430,2.6390573296152584,0.15384615384615385,2.1972245773362196,0,0.0,1,0.0,0.0,0.0
12431,llama31_8b_12431,2.302585092994046,0.1111111111111111,2.1972245773362196,0,1.3862943611198906,0,0.0,0.0,0.0
12432,llama31_8b_12432,2.5649493574615367,0.0,2.70805020110221,0,1.6094379124341003,0,0.5,0.0,0.0
12433,llama31_8b_12433,2.4849066497880004,0.0,2.1972245773362196,0,1.6094379124341003,0,0.5,0.0,0.0
12434,llama31_8b_12434,1.9459101490553132,0.16666666666666666,2.0794415416798357,0,0.0,1,0.0,0.0,0.0
12436,llama31_8b_12436,2.302585092994046,0.1111111111111111,2.0794415416798357,0,1.9459101490553132,0,0.16666666666666666,0.0,0.0
12437,llama31_8b_12437,2.772588722239781,0.06666666666666667,2.6390573296152584,0,2.302585092994046,0,0.5555555555555556,0.1111111111111111,0.0
12438,llama31_8b_12438,2.302585092994046,0.3333333333333333,2.70805020110221,0,1.3862943611198906,0,0.0,0.0,0.0
12439,llama31_8b_12439,1.791759469228055,0.2,1.791759469228055,0,1.9459101490553132,0,0.0,0.16666666666666666,0.0
12442,llama31_8b_12442,2.5649493574615367,0.25,2.70805020110221,0,2.3978952727983707,0,0.2,0.0,0.0
12445,llama31_8b_12445,2.4849066497880004,0.09090909090909091,2.5649493574615367,0,0.0,1,0.0,0.0,0.0
12446,llama31_8b_12446,2.3978952727983707,0.3,2.0794415416798357,0,2.0794415416798357,0,0.14285714285714285,0.0,0.0
12448,llama31_8b_12448,2.6390573296152584,0.07692307692307693,2.6390573296152584,0,2.1972245773362196,0,0.5,0.0,0.0
12450,llama31_8b_12450,1.3862943611198906,0.3333333333333333,1.0986122886681098,0,0.0,1,0.0,0.0,0.0
12453,llama31_8b_12453,2.0794415416798357,0.14285714285714285,1.9459101490553132,0,1.3862943611198906,0,0.6666666666666666,0.0,0.0
12454,llama31_8b_12454,2.9444389791664403,0.1111111111111111,2.70805020110221,0,0.6931471805599453,0,0.0,0.0,0.0
12456,llama31_8b_12456,2.3978952727983707,0.2,1.9459101490553132,0,1.9459101490553132,0,0.16666666666666666,0.0,0.0
12457,llama31_8b_12457,2.70805020110221,0.0,2.5649493574615367,0,2.4849066497880004,0,0.8181818181818182,0.0,0.0
12458,llama31_8b_12458,2.5649493574615367,0.08333333333333333,2.772588722239781,0,2.302585092994046,0,0.0,0.0,0.0
12459,llama31_8b_12459,3.044522437723423,0.25,2.833213344056216,0,2.302585092994046,0,0.4444444444444444,0.0,0.0
12460,llama31_8b_12460,2.833213344056216,0.0625,2.8903717578961645,0,2.9444389791664403,0,0.3888888888888889,0.0,0.0
14293,llama31_8b_14293,3.1354942159291497,0.09090909090909091,2.833213344056216,0,1.0986122886681098,0,0.0,0.0,0.0
14294,llama31_8b_14294,2.3978952727983707,0.2,2.1972245773362196,0,1.6094379124341003,0,0.5,0.0,0.0
14295,llama31_8b_14295,1.791759469228055,0.4,1.791759469228055,0,1.3862943611198906,0,0.0,0.0,0.0
14296,llama31_8b_14296,2.1972245773362196,0.0,1.9459101490553132,0,2.0794415416798357,0,0.42857142857142855,0.0,0.0
14297,llama31_8b_14297,1.6094379124341003,0.0,1.0986122886681098,0,1.3862943611198906,0,0.0,0.0,0.0
14299,llama31_8b_14299,2.4849066497880004,0.5454545454545454,2.302585092994046,0,2.302585092994046,0,0.2222222222222222,0.1111111111111111,0.0
14303,llama31_8b_14303,1.6094379124341003,0.5,1.0986122886681098,0,0.0,1,0.0,0.0,0.0
14304,llama31_8b_14304,2.833213344056216,0.0625,2.5649493574615367,0,2.302585092994046,0,0.0,0.0,0.0
14306,llama31_8b_14306,2.8903717578961645,0.058823529411764705,2.833213344056216,0,2.302585092994046,0,0.1111111111111111,0.0,0.0
14307,llama31_8b_14307,2.1972245773362196,0.375,2.1972245773362196,0,1.0986122886681098,0,0.5,0.0,0.0
14308,llama31_8b_14308,1.9459101490553132,0.0,1.791759469228055,0,1.3862943611198906,0,0.0,0.0,0.0
14309,llama31_8b_14309,2.3978952727983707,0.1,2.302585092994046,0,1.6094379124341003,0,0.0,0.0,0.0
14311,llama31_8b_14311,2.3978952727983707,0.1,2.0794415416798357,0,1.9459101490553132,0,0.0,0.0,0.0
14312,llama31_8b_14312,2.4849066497880004,0.0,2.302585092994046,0,0.6931471805599453,0,0.0,0.0,0.0
14314,llama31_8b_14314,2.70805020110221,0.2857142857142857,2.4849066497880004,0,2.4849066497880004,0,0.18181818181818182,0.0,0.0
14315,llama31_8b_14315,2.5649493574615367,0.16666666666666666,2.70805020110221,0,2.6390573296152584,0,0.3076923076923077,0.0,0.0
14316,llama31_8b_14316,2.4849066497880004,0.0,2.0794415416798357,0,0.6931471805599453,0,0.0,0.0,0.0
14320,llama31_8b_14320,2.4849066497880004,0.09090909090909091,2.3978952727983707,0,2.302585092994046,0,0.3333333333333333,0.0,0.0
14321,llama31_8b_14321,2.772588722239781,0.0,2.5649493574615367,0,2.772588722239781,0,0.13333333333333333,0.0,0.0
14322,llama31_8b_14322,2.3978952727983707,0.0,2.995732273553991,0,1.3862943611198906,0,0.0,0.0,0.0
14324,llama31_8b_14324,1.9459101490553132,0.3333333333333333,1.9459101490553132,0,2.5649493574615367,0,0.0,0.0,0.0
14326,llama31_8b_14326,2.1972245773362196,0.125,2.6390573296152584,0,1.6094379124341003,0,1.0,0.0,0.0
14328,llama31_8b_14328,2.5649493574615367,0.25,2.3978952727983707,0,1.9459101490553132,0,0.0,0.0,0.0
14330,llama31_8b_14330,1.6094379124341003,0.0,1.3862943611198906,0,1.3862943611198906,0,0.0,0.0,0.0
14332,llama31_8b_14332,2.4849066497880004,0.2727272727272727,2.3978952727983707,0,2.4849066497880004,0,0.0,0.09090909090909091,0.0
14333,llama31_8b_14333,2.6390573296152584,0.0,2.5649493574615367,0,2.5649493574615367,0,0.16666666666666666,0.0,0.0
14335,llama31_8b_14335,2.995732273553991,0.15789473684210525,3.044522437723423,0,2.302585092994046,0,0.2222222222222222,0.0,0.0
14336,llama31_8b_14336,2.1972245773362196,0.125,1.791759469228055,0,1.0986122886681098,0,0.0,0.0,0.0
14337,llama31_8b_14337,1.3862943611198906,0.6666666666666666,1.0986122886681098,0,0.6931471805599453,0,0.0,0.0,0.0
14338,llama31_8b_14338,1.6094379124341003,0.5,1.3862943611198906,0,0.0,1,0.0,0.0,0.0
14341,llama31_8b_14341,2.995732273553991,0.21052631578947367,2.8903717578961645,0,1.3862943611198906,0,0.0,0.0,0.0
14343,llama31_8b_14343,2.0794415416798357,0.14285714285714285,1.791759469228055,0,0.0,1,0.0,0.0,0.0
14344,llama31_8b_14344,2.302585092994046,0.0,2.302585092994046,0,1.9459101490553132,0,0.16666666666666666,0.0,0.0
14345,llama31_8b_14345,2.302585092994046,0.1111111111111111,2.0794415416798357,0,1.791759469228055,0,0.2,0.0,0.0
14346,llama31_8b_14346,2.302585092994046,0.4444444444444444,2.302585092994046,0,1.9459101490553132,0,0.8333333333333334,0.0,0.0
14348,llama31_8b_14348,2.3978952727983707,0.0,2.0794415416798357,0,1.0986122886681098,0,0.5,0.0,0.0
14351,llama31_8b_14351,2.5649493574615367,0.0,2.5649493574615367,0,2.1972245773362196,0,0.0,0.0,0.0
14354,llama31_8b_14354,1.6094379124341003,0.75,1.3862943611198906,0,0.0,1,0.0,0.0,0.0
14356,llama31_8b_14356,1.9459101490553132,0.3333333333333333,1.791759469228055,0,1.6094379124341003,0,0.25,0.0,0.0
14361,llama31_8b_14361,2.5649493574615367,0.4166666666666667,2.1972245773362196,0,1.3862943611198906,0,0.0,0.0,0.0
14362,llama31_8b_14362,1.6094379124341003,0.0,1.0986122886681098,0,1.0986122886681098,0,0.0,0.0,0.0
14363,llama31_8b_14363,2.0794415416798357,0.14285714285714285,1.9459101490553132,0,1.3862943611198906,0,0.3333333333333333,0.0,0.0
14364,llama31_8b_14364,1.791759469228055,0.6,1.0986122886681098,0,0.0,1,0.0,0.0,0.0
14365,llama31_8b_14365,2.302585092994046,0.1111111111111111,1.791759469228055,0,1.791759469228055,0,0.0,0.0,0.0
14367,llama31_8b_14367,2.6390573296152584,0.07692307692307693,2.4849066497880004,0,2.5649493574615367,0,0.16666666666666666,0.0,0.0
14368,llama31_8b_14368,1.791759469228055,0.8,1.6094379124341003,0,0.6931471805599453,0,1.0,0.0,0.0
14370,llama31_8b_14370,2.302585092994046,0.1111111111111111,2.1972245773362196,0,2.0794415416798357,0,0.0,0.0,0.0
14371,llama31_8b_14371,2.772588722239781,0.06666666666666667,2.70805020110221,0,0.0,1,0.0,0.0,0.0
14374,llama31_8b_14374,2.0794415416798357,0.7142857142857143,2.0794415416798357,0,0.0,1,0.0,0.0,0.0
14378,llama31_8b_14378,3.044522437723423,0.15,3.044522437723423,0,3.258096538021482,0,0.04,0.0,0.0
14380,llama31_8b_14380,2.4849066497880004,0.18181818181818182,2.0794415416798357,0,0.6931471805599453,0,0.0,1.0,0.0
14382,llama31_8b_14382,2.0794415416798357,0.42857142857142855,2.302585092994046,0,1.791759469228055,0,0.4,0.0,0.0
14383,llama31_8b_14383,2.6390573296152584,0.3076923076923077,2.4849066497880004,0,2.0794415416798357,0,0.5714285714285714,0.0,0.0
14385,llama31_8b_14385,2.5649493574615367,0.0,1.9459101490553132,0,2.302585092994046,0,0.1111111111111111,0.0,0.0
14386,llama31_8b_14386,2.1972245773362196,0.0,1.9459101490553132,0,1.9459101490553132,0,0.0,0.0,0.0
14387,llama31_8b_14387,1.6094379124341003,0.5,1.3862943611198906,0,0.0,1,0.0,0.0,0.0
14388,llama31_8b_14388,2.5649493574615367,0.08333333333333333,2.4849066497880004,0,2.3978952727983707,0,0.0,0.0,0.0
14393,llama31_8b_14393,2.302585092994046,0.0,2.1972245773362196,0,1.9459101490553132,0,0.16666666666666666,0.0,0.0
14397,llama31_8b_14397,2.0794415416798357,0.14285714285714285,1.9459101490553132,0,2.1972245773362196,0,0.0,0.0,0.0
14400,llama31_8b_14400,2.9444389791664403,0.05555555555555555,2.5649493574615367,0,2.5649493574615367,0,0.25,0.25,0.0
14403,llama31_8b_14403,1.3862943611198906,0.3333333333333333,1.0986122886681098,0,0.0,1,0.0,0.0,0.0
14406,llama31_8b_14406,2.302585092994046,0.0,2.1972245773362196,0,1.9459101490553132,0,0.5,0.0,0.0
14408,llama31_8b_14408,2.302585092994046,0.2222222222222222,2.0794415416798357,0,1.9459101490553132,0,0.6666666666666666,0.0,0.0
14411,llama31_8b_14411,3.044522437723423,0.05,2.995732273553991,0,3.2188758248682006,0,0.0,0.0,0.0
14412,llama31_8b_14412,2.0794415416798357,0.14285714285714285,1.791759469228055,0,1.6094379124341003,0,0.25,0.0,0.0
14413,llama31_8b_14413,2.4849066497880004,0.5454545454545454,2.302585092994046,0,1.9459101490553132,0,0.16666666666666666,0.0,0.0
14415,llama31_8b_14415,2.9444389791664403,0.05555555555555555,2.3978952727983707,0,0.0,1,0.0,0.0,0.0
14417,llama31_8b_14417,2.995732273553991,0.05263157894736842,2.6390573296152584,0,1.6094379124341003,0,0.25,0.0,0.0
14420,llama31_8b_14420,2.6390573296152584,0.15384615384615385,1.791759469228055,0,2.0794415416798357,0,0.2857142857142857,0.0,0.0
14422,llama31_8b_14422,1.9459101490553132,0.6666666666666666,2.0794415416798357,0,0.0,1,0.0,0.0,0.0
14423,llama31_8b_14423,2.1972245773362196,0.125,1.9459101490553132,0,1.791759469228055,0,1.0,0.0,0.0
14424,llama31_8b_14424,2.4849066497880004,0.18181818181818182,2.4849066497880004,0,2.1972245773362196,0,0.0,0.25,0.0
14425,llama31_8b_14425,1.3862943611198906,0.3333333333333333,1.0986122886681098,0,0.0,1,0.0,0.0,0.0
14426,llama31_8b_14426,2.1972245773362196,0.125,2.302585092994046,0,2.5649493574615367,0,0.08333333333333333,0.0,0.0
14428,llama31_8b_14428,2.3978952727983707,0.5,2.302585092994046,0,2.0794415416798357,0,0.7142857142857143,0.0,0.0
14429,llama31_8b_14429,2.4849066497880004,0.2727272727272727,2.4849066497880004,0,2.1972245773362196,0,0.0,0.0,0.0
14431,llama31_8b_14431,2.5649493574615367,0.08333333333333333,2.4849066497880004,0,1.791759469228055,0,0.0,0.0,0.0
14432,llama31_8b_14432,3.295836866004329,0.11538461538461539,3.044522437723423,0,3.091042453358316,0,0.2857142857142857,0.0,0.0
14434,llama31_8b_14434,2.1972245773362196,0.0,1.6094379124341003,0,1.3862943611198906,0,0.0,0.0,0.0
14437,llama31_8b_14437,2.1972245773362196,0.625,2.4849066497880004,0,1.9459101490553132,0,0.0,0.3333333333333333,0.0
14438,llama31_8b_14438,2.3978952727983707,0.0,2.0794415416798357,0,2.302585092994046,0,0.4444444444444444,0.0,0.0
14439,llama31_8b_14439,2.6390573296152584,0.3076923076923077,2.3978952727983707,0,2.1972245773362196,0,0.125,0.0,0.0
14440,llama31_8b_14440,2.5649493574615367,0.25,2.4849066497880004,0,1.3862943611198906,0,1.0,0.0,0.0
14441,llama31_8b_14441,2.0794415416798357,0.0,1.9459101490553132,0,1.3862943611198906,0,0.0,0.0,0.0
14442,llama31_8b_14442,2.4849066497880004,0.0,2.3978952727983707,0,2.0794415416798357,0,0.14285714285714285,0.0,0.0
14443,llama31_8b_14443,2.1972245773362196,0.5,1.9459101490553132,0,1.3862943611198906,0,0.3333333333333333,0.0,0.0
14446,llama31_8b_14446,1.3862943611198906,0.0,1.3862943611198906,0,1.0986122886681098,0,0.0,0.0,0.0
14447,llama31_8b_14447,2.8903717578961645,0.8823529411764706,2.833213344056216,0,2.772588722239781,0,0.0,0.0,0.0
14448,llama31_8b_14448,2.3978952727983707,0.5,2.1972245773362196,0,1.791759469228055,0,0.4,0.0,0.0
14449,llama31_8b_14449,0.6931471805599453,1.0,0.0,1,0.0,1,0.0,0.0,0.0
14450,llama31_8b_14450,2.6390573296152584,0.23076923076923078,2.5649493574615367,0,1.9459101490553132,0,0.3333333333333333,0.0,0.0
14451,llama31_8b_14451,2.8903717578961645,0.17647058823529413,2.302585092994046,0,0.0,1,0.0,0.0,0.0
14452,llama31_8b_14452,2.1972245773362196,0.125,1.791759469228055,0,2.5649493574615367,0,0.08333333333333333,0.0,0.0
14455,llama31_8b_14455,2.70805020110221,0.07142857142857142,2.70805020110221,0,2.4849066497880004,0,0.0,0.0,0.0
14456,llama31_8b_14456,2.3978952727983707,0.2,2.3978952727983707,0,2.0794415416798357,0,0.2857142857142857,0.0,0.0
14459,llama31_8b_14459,1.9459101490553132,0.0,1.791759469228055,0,1.6094379124341003,0,0.25,0.0,0.0
14460,llama31_8b_14460,1.9459101490553132,0.0,1.9459101490553132,0,0.0,1,0.0,0.0,0.0
14461,llama31_8b_14461,1.9459101490553132,0.5,1.9459101490553132,0,1.0986122886681098,0,0.0,0.0,0.0
14462,llama31_8b_14462,1.791759469228055,0.0,1.3862943611198906,0,0.0,1,0.0,0.0,0.0
14464,llama31_8b_14464,0.6931471805599453,1.0,0.0,1,0.0,1,0.0,0.0,0.0
14465,llama31_8b_14465,2.302585092994046,0.3333333333333333,2.4849066497880004,0,0.0,1,0.0,0.0,0.0
14467,llama31_8b_14467,1.9459101490553132,0.3333333333333333,1.791759469228055,0,0.6931471805599453,0,0.0,0.0,0.0
14469,llama31_8b_14469,2.302585092994046,0.0,1.791759469228055,0,1.6094379124341003,0,0.75,0.0,0.0
14471,llama31_8b_14471,2.1972245773362196,0.25,1.6094379124341003,0,1.791759469228055,0,0.6,0.2,0.0
14472,llama31_8b_14472,2.3978952727983707,0.2,2.302585092994046,0,2.5649493574615367,0,0.25,0.08333333333333333,0.0
14473,llama31_8b_14473,2.3978952727983707,0.0,2.302585092994046,0,2.1972245773362196,0,0.0,0.0,0.0
14474,llama31_8b_14474,2.0794415416798357,0.14285714285714285,2.1972245773362196,0,1.6094379124341003,0,0.25,0.0,0.0
14476,llama31_8b_14476,2.6390573296152584,0.46153846153846156,2.4849066497880004,0,1.3862943611198906,0,0.0,0.0,0.0
14477,llama31_8b_14477,2.3978952727983707,0.5,2.1972245773362196,0,1.3862943611198906,0,0.0,0.0,0.0
14478,llama31_8b_14478,2.5649493574615367,0.08333333333333333,2.1972245773362196,0,2.4849066497880004,0,0.0,0.0,0.0
14479,llama31_8b_14479,2.8903717578961645,0.058823529411764705,2.70805020110221,0,2.4849066497880004,0,0.18181818181818182,0.0,0.0
14480,llama31_8b_14480,2.9444389791664403,0.1111111111111111,2.70805020110221,0,2.0794415416798357,0,0.14285714285714285,0.2857142857142857,0.0
14481,llama31_8b_14481,2.3978952727983707,0.1,2.1972245773362196,0,2.0794415416798357,0,0.2857142857142857,0.0,0.0
14482,llama31_8b_14482,2.1972245773362196,0.125,1.6094379124341003,0,1.0986122886681098,0,0.5,0.0,0.0
14484,llama31_8b_14484,2.995732273553991,0.10526315789473684,2.833213344056216,0,2.995732273553991,0,0.05263157894736842,0.0,0.0
14485,llama31_8b_14485,2.6390573296152584,0.0,2.3978952727983707,0,2.1972245773362196,0,0.25,0.0,0.0
14487,llama31_8b_14487,1.3862943611198906,0.3333333333333333,1.3862943611198906,0,2.0794415416798357,0,0.0,0.0,0.0
14488,llama31_8b_14488,1.791759469228055,0.0,1.3862943611198906,0,1.6094379124341003,0,0.0,0.0,0.0
14489,llama31_8b_14489,2.3978952727983707,0.2,1.791759469228055,0,1.9459101490553132,0,0.3333333333333333,0.0,0.0
14490,llama31_8b_14490,2.3978952727983707,0.2,2.3978952727983707,0,1.791759469228055,0,0.8,0.0,0.0
14491,llama31_8b_14491,1.0986122886681098,0.5,1.0986122886681098,0,0.0,1,0.0,0.0,0.0
15093,llama31_8b_15093,2.4849066497880004,0.09090909090909091,2.1972245773362196,0,2.1972245773362196,0,0.25,0.0,0.0
15094,llama31_8b_15094,1.0986122886681098,0.0,0.6931471805599453,0,0.6931471805599453,0,1.0,0.0,0.0
15095,llama31_8b_15095,1.9459101490553132,0.16666666666666666,1.9459101490553132,0,1.0986122886681098,0,0.0,0.0,0.0
15096,llama31_8b_15096,1.791759469228055,0.2,1.6094379124341003,0,0.6931471805599453,0,0.0,0.0,0.0
15099,llama31_8b_15099,2.302585092994046,0.1111111111111111,2.3978952727983707,0,2.0794415416798357,0,0.0,0.0,0.0
15100,llama31_8b_15100,1.6094379124341003,0.5,1.3862943611198906,0,0.0,1,0.0,0.0,0.0
15102,llama31_8b_15102,2.833213344056216,0.0,2.772588722239781,0,1.0986122886681098,0,0.0,0.0,0.0
15104,llama31_8b_15104,2.6390573296152584,0.0,2.3978952727983707,0,1.791759469228055,0,0.4,0.0,0.0
15105,llama31_8b_15105,1.9459101490553132,0.6666666666666666,1.6094379124341003,0,1.3862943611198906,0,0.0,0.0,0.0
15106,llama31_8b_15106,1.791759469228055,0.2,1.6094379124341003,0,1.3862943611198906,0,0.0,0.0,0.0
15113,llama31_8b_15113,2.1972245773362196,0.25,1.9459101490553132,0,1.6094379124341003,0,0.5,0.0,0.0
15114,llama31_8b_15114,1.9459101490553132,0.0,1.3862943611198906,0,1.791759469228055,0,0.2,0.0,0.0
15116,llama31_8b_15116,2.0794415416798357,0.14285714285714285,1.791759469228055,0,1.6094379124341003,0,0.0,0.0,0.0
15117,llama31_8b_15117,2.302585092994046,0.1111111111111111,2.302585092994046,0,2.1972245773362196,0,0.25,0.0,0.0
15118,llama31_8b_15118,2.0794415416798357,0.2857142857142857,1.791759469228055,0,1.6094379124341003,0,0.0,0.0,0.0
15119,llama31_8b_15119,2.70805020110221,0.35714285714285715,3.091042453358316,0,2.4849066497880004,0,0.0,0.0,0.0
15121,llama31_8b_15121,2.5649493574615367,0.08333333333333333,2.772588722239781,0,2.1972245773362196,0,0.125,0.0,0.0
15122,llama31_8b_15122,2.302585092994046,0.5555555555555556,2.0794415416798357,0,1.3862943611198906,0,0.0,0.0,0.0
15123,llama31_8b_15123,2.0794415416798357,0.42857142857142855,1.3862943611198906,0,1.3862943611198906,0,1.0,0.0,0.0
15125,llama31_8b_15125,2.3978952727983707,0.2,2.0794415416798357,0,2.3978952727983707,0,0.0,0.0,0.0
15126,llama31_8b_15126,1.9459101490553132,0.3333333333333333,1.6094379124341003,0,1.3862943611198906,0,0.0,0.0,0.0
15127,llama31_8b_15127,1.6094379124341003,0.5,1.3862943611198906,0,0.0,1,0.0,0.0,0.0
15128,llama31_8b_15128,2.6390573296152584,0.23076923076923078,2.3978952727983707,0,1.3862943611198906,0,0.6666666666666666,0.0,0.0
15131,llama31_8b_15131,0.6931471805599453,1.0,0.0,1,0.0,1,0.0,0.0,0.0
15132,llama31_8b_15132,2.3978952727983707,0.0,2.1972245773362196,0,1.9459101490553132,0,0.0,0.0,0.0
15133,llama31_8b_15133,2.0794415416798357,0.2857142857142857,1.3862943611198906,0,1.0986122886681098,0,0.0,0.0,0.0
15134,llama31_8b_15134,2.6390573296152584,0.0,2.5649493574615367,0,2.1972245773362196,0,0.125,0.0,0.0
15139,llama31_8b_15139,2.302585092994046,0.2222222222222222,2.0794415416798357,0,1.9459101490553132,0,0.5,0.0,0.0
15141,llama31_8b_15141,2.1972245773362196,0.125,1.6094379124341003,0,1.0986122886681098,0,0.0,0.0,0.0
15144,llama31_8b_15144,2.8903717578961645,0.11764705882352941,2.833213344056216,0,2.3978952727983707,0,0.6,0.0,0.0
15145,llama31_8b_15145,0.6931471805599453,1.0,0.0,1,0.0,1,0.0,0.0,0.0
15146,llama31_8b_15146,0.6931471805599453,1.0,0.0,1,0.0,1,0.0,0.0,0.0
15148,llama31_8b_15148,1.9459101490553132,0.16666666666666666,1.791759469228055,0,1.0986122886681098,0,0.0,0.0,0.0
15151,llama31_8b_15151,1.3862943611198906,0.6666666666666666,1.0986122886681098,0,0.0,1,0.0,0.0,0.0
15154,llama31_8b_15154,2.1972245773362196,0.0,1.791759469228055,0,1.6094379124341003,0,0.25,0.0,0.0
15155,llama31_8b_15155,1.791759469228055,0.2,1.6094379124341003,0,1.0986122886681098,0,0.5,0.0,0.0
15156,llama31_8b_15156,2.1972245773362196,0.75,2.3978952727983707,0,2.3978952727983707,0,0.2,0.0,0.0
15157,llama31_8b_15157,2.1972245773362196,0.25,2.0794415416798357,0,1.6094379124341003,0,0.25,0.0,0.0
15159,llama31_8b_15159,2.4849066497880004,0.18181818181818182,2.0794415416798357,0,1.3862943611198906,0,1.0,0.0,0.0
15161,llama31_8b_15161,2.3978952727983707,0.2,1.9459101490553132,0,1.3862943611198906,0,1.0,0.0,0.0
15163,llama31_8b_15163,2.3978952727983707,0.3,2.302585092994046,0,2.302585092994046,0,0.4444444444444444,0.0,0.0
15166,llama31_8b_15166,2.4849066497880004,0.18181818181818182,2.1972245773362196,0,0.6931471805599453,0,0.0,0.0,0.0
15167,llama31_8b_15167,2.302585092994046,0.0,2.3978952727983707,0,1.9459101490553132,0,0.0,0.0,0.0
15170,llama31_8b_15170,1.6094379124341003,0.5,1.6094379124341003,0,0.6931471805599453,0,0.0,0.0,0.0
15171,llama31_8b_15171,1.6094379124341003,0.0,1.3862943611198906,0,1.6094379124341003,0,0.25,0.0,0.0
15173,llama31_8b_15173,2.4849066497880004,0.09090909090909091,2.3978952727983707,0,1.0986122886681098,0,0.0,0.0,0.0
15174,llama31_8b_15174,2.6390573296152584,0.38461538461538464,2.8903717578961645,0,1.9459101490553132,0,0.0,0.0,0.0
15176,llama31_8b_15176,2.0794415416798357,0.0,1.9459101490553132,0,2.70805020110221,0,0.2857142857142857,0.0,0.0
15177,llama31_8b_15177,2.0794415416798357,0.14285714285714285,2.0794415416798357,0,1.791759469228055,0,0.2,0.0,0.0
15178,llama31_8b_15178,2.6390573296152584,0.07692307692307693,2.4849066497880004,0,1.791759469228055,0,0.0,0.0,0.0
15179,llama31_8b_15179,0.6931471805599453,1.0,0.0,1,0.0,1,0.0,0.0,0.0
15181,llama31_8b_15181,2.3978952727983707,0.5,2.302585092994046,0,1.0986122886681098,0,0.5,0.0,0.0
15182,llama31_8b_15182,2.5649493574615367,0.08333333333333333,2.4849066497880004,0,1.0986122886681098,0,0.0,0.0,0.0
15183,llama31_8b_15183,2.302585092994046,0.5555555555555556,1.6094379124341003,0,1.6094379124341003,0,1.0,0.0,0.0
15184,llama31_8b_15184,2.6390573296152584,0.38461538461538464,2.302585092994046,0,1.9459101490553132,0,0.3333333333333333,0.0,0.0
15185,llama31_8b_15185,2.1972245773362196,0.0,1.9459101490553132,0,0.0,1,0.0,0.0,0.0
15186,llama31_8b_15186,2.302585092994046,0.1111111111111111,1.791759469228055,0,0.6931471805599453,0,0.0,0.0,0.0
15187,llama31_8b_15187,2.302585092994046,0.4444444444444444,1.9459101490553132,0,2.3978952727983707,0,0.2,0.0,0.0
15188,llama31_8b_15188,1.6094379124341003,0.5,1.3862943611198906,0,0.0,1,0.0,0.0,0.0
15189,llama31_8b_15189,2.6390573296152584,0.23076923076923078,2.3978952727983707,0,1.6094379124341003,0,0.0,0.25,0.0
15190,llama31_8b_15190,2.6390573296152584,0.15384615384615385,2.5649493574615367,0,1.9459101490553132,0,0.3333333333333333,0.0,0.0
15192,llama31_8b_15192,2.4849066497880004,0.2727272727272727,2.6390573296152584,0,1.791759469228055,0,0.2,0.0,0.0
15193,llama31_8b_15193,1.791759469228055,0.0,1.6094379124341003,0,1.3862943611198906,0,0.3333333333333333,0.0,0.0
15195,llama31_8b_15195,2.70805020110221,0.21428571428571427,2.3978952727983707,0,2.1972245773362196,0,0.25,0.0,0.0
15196,llama31_8b_15196,2.4849066497880004,0.0,2.1972245773362196,0,2.3978952727983707,0,0.4,0.1,0.0
15197,llama31_8b_15197,0.6931471805599453,1.0,0.0,1,0.0,1,0.0,0.0,0.0
15198,llama31_8b_15198,2.3978952727983707,0.5,1.791759469228055,0,2.302585092994046,0,0.0,0.0,0.0
15201,llama31_8b_15201,0.6931471805599453,1.0,0.0,1,0.0,1,0.0,0.0,0.0
15202,llama31_8b_15202,2.5649493574615367,0.3333333333333333,2.4849066497880004,0,1.791759469228055,0,0.2,0.0,0.0
15204,llama31_8b_15204,2.8903717578961645,0.4117647058823529,2.995732273553991,0,2.3978952727983707,0,0.0,0.0,0.0
15205,llama31_8b_15205,2.8903717578961645,0.0,2.4849066497880004,0,2.0794415416798357,0,0.5714285714285714,0.0,0.0
15207,llama31_8b_15207,2.9444389791664403,0.05555555555555555,2.5649493574615367,0,2.6390573296152584,0,0.15384615384615385,0.0,0.0
15208,llama31_8b_15208,2.70805020110221,0.2857142857142857,2.1972245773362196,0,2.302585092994046,0,0.2222222222222222,0.0,0.0
15209,llama31_8b_15209,0.6931471805599453,1.0,0.0,1,0.0,1,0.0,0.0,0.0
15213,llama31_8b_15213,2.772588722239781,0.0,2.3978952727983707,0,2.1972245773362196,0,0.75,0.0,0.0
15215,llama31_8b_15215,2.3978952727983707,0.4,2.4849066497880004,0,2.6390573296152584,0,0.5384615384615384,0.07692307692307693,0.0
15216,llama31_8b_15216,1.6094379124341003,0.0,1.9459101490553132,0,1.3862943611198906,0,0.6666666666666666,0.0,0.0
15218,llama31_8b_15218,1.6094379124341003,0.25,1.3862943611198906,0,1.3862943611198906,0,1.0,0.0,0.0
15219,llama31_8b_15219,2.302585092994046,0.1111111111111111,2.0794415416798357,0,1.9459101490553132,0,0.16666666666666666,0.0,0.0
15220,llama31_8b_15220,1.791759469228055,0.0,1.791759469228055,0,1.6094379124341003,0,0.25,0.0,0.0
15221,llama31_8b_15221,1.791759469228055,0.0,1.3862943611198906,0,1.6094379124341003,0,0.0,0.0,0.0
15222,llama31_8b_15222,2.772588722239781,0.0,3.091042453358316,0,2.302585092994046,0,0.0,0.0,0.0
15223,llama31_8b_15223,1.6094379124341003,0.5,1.6094379124341003,0,1.0986122886681098,0,1.0,0.0,0.0
15224,llama31_8b_15224,0.6931471805599453,1.0,0.0,1,0.0,1,0.0,0.0,0.0
15225,llama31_8b_15225,1.791759469228055,0.0,1.0986122886681098,0,0.0,1,0.0,0.0,0.0
15226,llama31_8b_15226,2.6390573296152584,0.0,2.5649493574615367,0,1.9459101490553132,0,0.16666666666666666,0.0,0.0
15229,llama31_8b_15229,2.0794415416798357,0.5714285714285714,1.9459101490553132,0,1.9459101490553132,0,0.5,0.0,0.0
15230,llama31_8b_15230,3.7376696182833684,0.04878048780487805,3.58351893845611,0,3.58351893845611,0,0.2,0.02857142857142857,0.0
15231,llama31_8b_15231,2.833213344056216,0.1875,2.5649493574615367,0,2.1972245773362196,0,0.125,0.125,0.0
15232,llama31_8b_15232,2.5649493574615367,0.16666666666666666,2.3978952727983707,0,2.1972245773362196,0,0.25,0.0,0.0
15235,llama31_8b_15235,1.6094379124341003,0.75,1.3862943611198906,0,0.0,1,0.0,0.0,0.0
15237,llama31_8b_15237,2.6390573296152584,0.0,2.3978952727983707,0,1.9459101490553132,0,0.0,0.0,0.0
15241,llama31_8b_15241,1.3862943611198906,0.3333333333333333,1.3862943611198906,0,0.6931471805599453,0,0.0,0.0,0.0
15244,llama31_8b_15244,2.70805020110221,0.21428571428571427,2.6390573296152584,0,0.6931471805599453,0,0.0,0.0,0.0
15245,llama31_8b_15245,1.9459101490553132,0.8333333333333334,1.3862943611198906,0,0.6931471805599453,0,0.0,1.0,0.0
15247,llama31_8b_15247,2.70805020110221,0.07142857142857142,2.6390573296152584,0,1.791759469228055,0,0.8,0.0,0.0
15248,llama31_8b_15248,0.6931471805599453,1.0,0.0,1,0.0,1,0.0,0.0,0.0
15249,llama31_8b_15249,1.9459101490553132,0.6666666666666666,1.9459101490553132,0,1.3862943611198906,0,0.0,0.0,0.0
15250,llama31_8b_15250,2.4849066497880004,0.36363636363636365,2.772588722239781,0,1.9459101490553132,0,0.0,0.0,0.0
15252,llama31_8b_15252,2.995732273553991,0.05263157894736842,2.833213344056216,0,2.772588722239781,0,0.26666666666666666,0.0,0.0
15255,llama31_8b_15255,2.6390573296152584,0.38461538461538464,2.4849066497880004,0,2.4849066497880004,0,0.18181818181818182,0.09090909090909091,0.0
15256,llama31_8b_15256,2.4849066497880004,0.09090909090909091,2.5649493574615367,0,2.1972245773362196,0,0.125,0.0,0.0
15257,llama31_8b_15257,2.3978952727983707,0.1,2.1972245773362196,0,1.791759469228055,0,0.0,0.0,0.0
15258,llama31_8b_15258,2.4849066497880004,0.36363636363636365,2.1972245773362196,0,0.0,1,0.0,0.0,0.0
15259,llama31_8b_15259,3.091042453358316,0.047619047619047616,2.9444389791664403,0,2.4849066497880004,0,0.2727272727272727,0.0,0.0
15263,llama31_8b_15263,2.70805020110221,0.07142857142857142,2.6390573296152584,0,2.4849066497880004,0,0.0,0.0,0.0
15264,llama31_8b_15264,2.302585092994046,0.3333333333333333,2.1972245773362196,0,1.0986122886681098,0,0.5,0.0,0.0
15265,llama31_8b_15265,2.1972245773362196,0.125,1.791759469228055,0,1.9459101490553132,0,0.16666666666666666,0.0,0.0
15266,llama31_8b_15266,3.1354942159291497,0.045454545454545456,2.9444389791664403,0,2.772588722239781,0,0.13333333333333333,0.0,0.0
15267,llama31_8b_15267,0.6931471805599453,1.0,0.0,1,0.0,1,0.0,0.0,0.0
15271,llama31_8b_15271,2.3978952727983707,0.0,2.3978952727983707,0,1.3862943611198906,0,0.0,0.0,0.0
15272,llama31_8b_15272,0.6931471805599453,1.0,0.0,1,0.0,1,0.0,0.0,0.0
15273,llama31_8b_15273,1.6094379124341003,0.25,1.0986122886681098,0,0.0,1,0.0,0.0,0.0
15276,llama31_8b_15276,2.833213344056216,0.125,2.70805020110221,0,2.4849066497880004,0,0.2727272727272727,0.0,0.0
15277,llama31_8b_15277,2.1972245773362196,0.25,2.0794415416798357,0,2.302585092994046,0,0.2222222222222222,0.0,0.0
15278,llama31_8b_15278,1.9459101490553132,0.0,2.0794415416798357,0,0.6931471805599453,0,0.0,0.0,0.0
15279,llama31_8b_15279,1.9459101490553132,0.3333333333333333,1.791759469228055,0,1.3862943611198906,0,0.0,0.0,0.0
15280,llama31_8b_15280,3.1780538303479458,0.17391304347826086,2.8903717578961645,0,2.3978952727983707,0,0.0,0.0,0.0
15282,llama31_8b_15282,2.1972245773362196,0.0,1.9459101490553132,0,1.791759469228055,0,0.0,0.0,0.0
15283,llama31_8b_15283,3.6375861597263857,0.0,3.6109179126442243,0,3.6375861597263857,0,0.6756756756756757,0.0,0.0
15284,llama31_8b_15284,0.6931471805599453,1.0,0.0,1,0.0,1,0.0,0.0,0.0
15285,llama31_8b_15285,2.302585092994046,0.0,2.302585092994046,0,2.1972245773362196,0,0.0,0.0,0.0
15287,llama31_8b_15287,2.5649493574615367,0.3333333333333333,2.3978952727983707,0,1.3862943611198906,0,0.0,0.0,0.0
15289,llama31_8b_15289,2.4849066497880004,0.2727272727272727,2.4849066497880004,0,1.9459101490553132,0,0.16666666666666666,0.0,0.0
15290,llama31_8b_15290,1.791759469228055,0.6,1.791759469228055,0,0.0,1,0.0,0.0,0.0
15291,llama31_8b_15291,1.3862943611198906,0.3333333333333333,1.0986122886681098,0,0.0,1,0.0,0.0,0.0
15293,llama31_8b_15293,2.302585092994046,0.2222222222222222,2.0794415416798357,0,2.0794415416798357,0,0.0,0.0,0.0
15295,llama31_8b_15295,3.6888794541139363,0.0,3.6635616461296463,0,3.6109179126442243,0,0.08333333333333333,0.0,0.0
15299,llama31_8b_15299,1.6094379124341003,0.0,1.3862943611198906,0,1.3862943611198906,0,0.6666666666666666,0.0,0.0
15303,llama31_8b_15303,3.332204510175204,0.037037037037037035,3.332204510175204,0,1.9459101490553132,0,0.16666666666666666,0.0,0.0
15304,llama31_8b_15304,1.0986122886681098,0.0,0.0,1,0.0,1,0.0,0.0,0.0
15305,llama31_8b_15305,2.0794415416798357,0.42857142857142855,1.6094379124341003,0,1.3862943611198906,0,0.0,0.0,0.0
15309,llama31_8b_15309,2.0794415416798357,0.2857142857142857,1.791759469228055,0,1.3862943611198906,0,0.0,0.6666666666666666,0.0
15310,llama31_8b_15310,0.6931471805599453,1.0,0.0,1,0.0,1,0.0,0.0,0.0
15311,llama31_8b_15311,2.772588722239781,0.0,2.5649493574615367,0,2.4849066497880004,0,0.09090909090909091,0.0,0.0
15312,llama31_8b_15312,2.4849066497880004,0.09090909090909091,2.70805020110221,0,2.0794415416798357,0,0.0,0.0,0.0
15314,llama31_8b_15314,2.833213344056216,0.3125,2.6390573296152584,0,1.9459101490553132,0,0.3333333333333333,0.0,0.0
15316,llama31_8b_15316,1.791759469228055,0.4,1.9459101490553132,0,1.0986122886681098,0,1.0,0.0,0.0
15319,llama31_8b_15319,0.6931471805599453,1.0,0.0,1,0.0,1,0.0,0.0,0.0
15321,llama31_8b_15321,2.0794415416798357,0.0,2.0794415416798357,0,1.791759469228055,0,0.0,0.0,0.0
15322,llama31_8b_15322,2.5649493574615367,0.08333333333333333,2.5649493574615367,0,2.1972245773362196,0,0.25,0.0,0.0
15324,llama31_8b_15324,1.3862943611198906,0.3333333333333333,1.0986122886681098,0,1.6094379124341003,0,0.0,0.0,0.0
15325,llama31_8b_15325,2.3978952727983707,0.0,2.0794415416798357,0,1.0986122886681098,0,0.0,0.0,0.0
15326,llama31_8b_15326,2.5649493574615367,0.25,2.833213344056216,0,2.1972245773362196,0,0.125,0.0,0.0
15329,llama31_8b_15329,2.70805020110221,0.2857142857142857,2.772588722239781,0,1.791759469228055,0,0.0,0.0,0.0
15331,llama31_8b_15331,1.3862943611198906,0.3333333333333333,0.6931471805599453,0,0.6931471805599453,0,0.0,0.0,0.0
15333,llama31_8b_15333,2.0794415416798357,0.14285714285714285,2.0794415416798357,0,1.9459101490553132,0,0.6666666666666666,0.0,0.0
15334,llama31_8b_15334,3.58351893845611,0.0,3.58351893845611,0,3.332204510175204,0,0.2222222222222222,0.0,0.0
15341,llama31_8b_15341,2.3978952727983707,0.1,2.302585092994046,0,1.9459101490553132,0,0.16666666666666666,0.0,0.0
15343,llama31_8b_15343,2.8903717578961645,0.11764705882352941,2.70805020110221,0,2.3978952727983707,0,0.3,0.0,0.0
15344,llama31_8b_15344,2.8903717578961645,0.058823529411764705,2.772588722239781,0,2.302585092994046,0,0.0,0.0,0.0
15345,llama31_8b_15345,2.3978952727983707,0.4,2.1972245773362196,0,1.3862943611198906,0,0.3333333333333333,0.0,0.0
15346,llama31_8b_15346,0.6931471805599453,1.0,0.0,1,0.0,1,0.0,0.0,0.0
15347,llama31_8b_15347,2.302585092994046,0.3333333333333333,2.0794415416798357,0,2.0794415416798357,0,0.42857142857142855,0.0,0.0
15350,llama31_8b_15350,1.9459101490553132,0.5,1.791759469228055,0,0.0,1,0.0,0.0,0.0
15351,llama31_8b_15351,2.0794415416798357,0.14285714285714285,1.6094379124341003,0,1.791759469228055,0,0.0,0.0,0.0
15354,llama31_8b_15354,2.6390573296152584,0.07692307692307693,2.5649493574615367,0,2.70805020110221,0,0.7142857142857143,0.07142857142857142,0.0
15355,llama31_8b_15355,2.302585092994046,0.0,2.1972245773362196,0,2.0794415416798357,0,0.0,0.0,0.0
15356,llama31_8b_15356,2.1972245773362196,0.0,2.0794415416798357,0,1.6094379124341003,0,0.0,0.0,0.0
15358,llama31_8b_15358,2.302585092994046,0.0,2.5649493574615367,0,2.0794415416798357,0,0.2857142857142857,0.0,0.0
15359,llama31_8b_15359,2.8903717578961645,0.058823529411764705,2.8903717578961645,0,2.772588722239781,0,0.6,0.0,0.0
15360,llama31_8b_15360,3.044522437723423,0.15,2.8903717578961645,0,2.3978952727983707,0,0.1,0.0,0.0
15361,llama31_8b_15361,0.0,0.0,0.0,1,0.6931471805599453,0,0.0,0.0,0.0
15362,llama31_8b_15362,2.4849066497880004,0.09090909090909091,2.302585092994046,0,2.0794415416798357,0,0.14285714285714285,0.0,0.0
15363,llama31_8b_15363,1.3862943611198906,0.3333333333333333,0.6931471805599453,0,0.0,1,0.0,0.0,0.0
15364,llama31_8b_15364,2.3978952727983707,0.4,2.3978952727983707,0,1.9459101490553132,0,0.16666666666666666,0.0,0.0
15365,llama31_8b_15365,2.302585092994046,0.1111111111111111,1.9459101490553132,0,1.3862943611198906,0,1.0,0.0,0.0
15367,llama31_8b_15367,2.6390573296152584,0.0,2.5649493574615367,0,2.5649493574615367,0,0.25,0.0,0.0
15368,llama31_8b_15368,2.995732273553991,0.47368421052631576,2.833213344056216,0,1.6094379124341003,0,0.25,0.0,0.0
15370,llama31_8b_15370,2.3978952727983707,0.2,2.1972245773362196,0,1.6094379124341003,0,0.5,0.0,0.0
15374,llama31_8b_15374,1.9459101490553132,0.3333333333333333,1.791759469228055,0,1.6094379124341003,0,0.25,0.0,0.0
15375,llama31_8b_15375,2.8903717578961645,0.0,2.772588722239781,0,2.302585092994046,0,0.1111111111111111,0.0,0.0
15376,llama31_8b_15376,2.302585092994046,0.0,2.302585092994046,0,0.6931471805599453,0,0.0,0.0,0.0
15377,llama31_8b_15377,2.70805020110221,0.0,2.70805020110221,0,2.0794415416798357,0,0.5714285714285714,0.0,0.0
15380,llama31_8b_15380,2.0794415416798357,0.0,1.9459101490553132,0,2.4849066497880004,0,0.8181818181818182,0.0,0.0
15382,llama31_8b_15382,2.0794415416798357,0.42857142857142855,1.791759469228055,0,1.3862943611198906,0,1.0,0.0,0.0
15384,llama31_8b_15384,2.4849066497880004,0.09090909090909091,2.1972245773362196,0,1.6094379124341003,0,0.5,0.25,0.0
15385,llama31_8b_15385,1.791759469228055,0.0,1.6094379124341003,0,1.791759469228055,0,0.0,0.2,0.0
15389,llama31_8b_15389,2.5649493574615367,0.25,1.9459101490553132,0,1.0986122886681098,0,0.0,0.0,0.0
15391,llama31_8b_15391,2.5649493574615367,0.08333333333333333,2.4849066497880004,0,2.302585092994046,0,0.2222222222222222,0.0,0.0
15393,llama31_8b_15393,2.4849066497880004,0.18181818181818182,2.4849066497880004,0,2.1972245773362196,0,0.125,0.0,0.0
15396,llama31_8b_15396,2.70805020110221,0.21428571428571427,2.4849066497880004,0,1.9459101490553132,0,0.16666666666666666,0.0,0.0
15398,llama31_8b_15398,2.4849066497880004,0.18181818181818182,2.302585092994046,0,2.4849066497880004,0,0.18181818181818182,0.18181818181818182,0.0
15399,llama31_8b_15399,1.9459101490553132,0.16666666666666666,1.791759469228055,0,1.3862943611198906,0,0.6666666666666666,0.0,0.0
15401,llama31_8b_15401,1.9459101490553132,0.0,1.791759469228055,0,1.9459101490553132,0,0.0,0.0,0.0
15403,llama31_8b_15403,2.3978952727983707,0.3,2.3978952727983707,0,1.6094379124341003,0,0.25,0.0,0.0
15404,llama31_8b_15404,2.6390573296152584,0.0,2.302585092994046,0,1.791759469228055,0,0.0,0.0,0.0
15405,llama31_8b_15405,2.70805020110221,0.07142857142857142,2.5649493574615367,0,2.4849066497880004,0,0.09090909090909091,0.0,0.0
15406,llama31_8b_15406,2.5649493574615367,0.08333333333333333,2.3978952727983707,0,1.9459101490553132,0,0.0,0.0,0.0
15407,llama31_8b_15407,3.2188758248682006,0.041666666666666664,3.2188758248682006,0,3.5263605246161616,0,0.09090909090909091,0.0,0.0
15410,llama31_8b_15410,2.0794415416798357,0.0,1.9459101490553132,0,1.9459101490553132,0,0.16666666666666666,0.0,0.0
15411,llama31_8b_15411,2.5649493574615367,0.16666666666666666,2.302585092994046,0,1.0986122886681098,0,0.5,0.0,0.0
15412,llama31_8b_15412,1.6094379124341003,0.0,1.3862943611198906,0,1.6094379124341003,0,0.0,0.0,0.0
15414,llama31_8b_15414,2.5649493574615367,0.0,2.5649493574615367,0,2.302585092994046,0,0.0,0.0,0.0
15415,llama31_8b_15415,3.044522437723423,0.25,2.9444389791664403,0,2.833213344056216,0,0.1875,0.0,0.0
15416,llama31_8b_15416,2.5649493574615367,0.08333333333333333,2.3978952727983707,0,1.6094379124341003,0,0.0,0.0,0.0
15417,llama31_8b_15417,2.302585092994046,0.0,2.3978952727983707,0,2.0794415416798357,0,0.14285714285714285,0.0,0.0
15418,llama31_8b_15418,1.791759469228055,0.2,1.791759469228055,0,1.0986122886681098,0,0.5,0.0,0.0
15425,llama31_8b_15425,2.0794415416798357,0.14285714285714285,1.791759469228055,0,2.5649493574615367,0,0.16666666666666666,0.0,0.0
15427,llama31_8b_15427,2.6390573296152584,0.23076923076923078,2.0794415416798357,0,2.833213344056216,0,0.375,0.0625,0.0
15429,llama31_8b_15429,2.302585092994046,0.0,2.1972245773362196,0,1.791759469228055,0,0.6,0.0,0.0
15431,llama31_8b_15431,1.791759469228055,0.2,1.9459101490553132,0,1.6094379124341003,0,0.0,0.0,0.0
15432,llama31_8b_15432,0.6931471805599453,1.0,0.0,1,0.0,1,0.0,0.0,0.0
15433,llama31_8b_15433,0.6931471805599453,1.0,0.0,1,0.0,1,0.0,0.0,0.0
15434,llama31_8b_15434,2.70805020110221,0.07142857142857142,2.4849066497880004,0,2.4849066497880004,0,0.0,0.0,0.0
15436,llama31_8b_15436,2.1972245773362196,0.375,2.0794415416798357,0,1.791759469228055,0,0.4,0.0,0.0
15439,llama31_8b_15439,2.6390573296152584,0.15384615384615385,2.0794415416798357,0,2.5649493574615367,0,0.25,0.0,0.0
15441,llama31_8b_15441,2.302585092994046,0.2222222222222222,2.0794415416798357,0,1.3862943611198906,0,0.0,0.0,0.0
15443,llama31_8b_15443,0.6931471805599453,1.0,0.0,1,0.0,1,0.0,0.0,0.0
15446,llama31_8b_15446,1.9459101490553132,0.16666666666666666,1.791759469228055,0,1.6094379124341003,0,0.0,0.0,0.0
15448,llama31_8b_15448,2.3978952727983707,0.1,1.791759469228055,0,1.0986122886681098,0,0.5,0.0,0.0
15449,llama31_8b_15449,2.833213344056216,0.125,2.772588722239781,0,2.3978952727983707,0,0.3,0.0,0.0
15452,llama31_8b_15452,2.3978952727983707,0.2,2.4849066497880004,0,2.4849066497880004,0,0.45454545454545453,0.18181818181818182,0.0
15456,llama31_8b_15456,3.332204510175204,0.0,3.4011973816621555,0,3.2188758248682006,0,0.4166666666666667,0.0,0.0
15459,llama31_8b_15459,2.3978952727983707,0.1,2.1972245773362196,0,1.6094379124341003,0,0.0,0.0,0.0
15460,llama31_8b_15460,2.3978952727983707,0.1,2.5649493574615367,0,2.3978952727983707,0,0.1,0.1,0.0
15462,llama31_8b_15462,2.1972245773362196,0.25,1.9459101490553132,0,1.3862943611198906,0,0.0,0.0,0.0
15463,llama31_8b_15463,2.6390573296152584,0.23076923076923078,2.6390573296152584,0,1.9459101490553132,0,0.5,0.0,0.0
15464,llama31_8b_15464,2.3978952727983707,0.0,2.4849066497880004,0,2.5649493574615367,0,0.08333333333333333,0.08333333333333333,0.0
15467,llama31_8b_15467,2.302585092994046,0.0,1.9459101490553132,0,1.6094379124341003,0,0.0,0.0,0.0
15468,llama31_8b_15468,2.302585092994046,0.5555555555555556,2.0794415416798357,0,0.0,1,0.0,0.0,0.0
15469,llama31_8b_15469,2.833213344056216,0.0625,2.8903717578961645,0,2.4849066497880004,0,0.18181818181818182,0.09090909090909091,0.0
15470,llama31_8b_15470,2.995732273553991,0.15789473684210525,2.3978952727983707,0,2.0794415416798357,0,0.0,0.0,0.0
15471,llama31_8b_15471,2.772588722239781,0.3333333333333333,2.6390573296152584,0,2.302585092994046,0,0.2222222222222222,0.1111111111111111,0.0
15472,llama31_8b_15472,0.6931471805599453,1.0,0.0,1,0.0,1,0.0,0.0,0.0
15473,llama31_8b_15473,2.302585092994046,0.7777777777777778,2.1972245773362196,0,2.0794415416798357,0,0.14285714285714285,0.0,0.0
15474,llama31_8b_15474,2.0794415416798357,0.14285714285714285,1.9459101490553132,0,0.6931471805599453,0,0.0,0.0,0.0
15475,llama31_8b_15475,2.9444389791664403,0.5,2.8903717578961645,0,2.5649493574615367,0,0.0,0.0,0.0
15476,llama31_8b_15476,2.4849066497880004,0.18181818181818182,2.1972245773362196,0,2.302585092994046,0,0.1111111111111111,0.0,0.0
15477,llama31_8b_15477,2.6390573296152584,0.15384615384615385,2.772588722239781,0,2.5649493574615367,0,0.16666666666666666,0.0,0.0
15479,llama31_8b_15479,2.302585092994046,0.2222222222222222,2.3978952727983707,0,2.302585092994046,0,0.7777777777777778,0.0,0.0
15480,llama31_8b_15480,2.3978952727983707,0.0,2.0794415416798357,0,2.5649493574615367,0,0.08333333333333333,0.08333333333333333,0.0
15482,llama31_8b_15482,2.70805020110221,0.42857142857142855,2.70805020110221,0,2.70805020110221,0,0.42857142857142855,0.0,0.0
15486,llama31_8b_15486,2.4849066497880004,0.0,2.5649493574615367,0,2.3978952727983707,0,0.5,0.0,0.0
15487,llama31_8b_15487,1.9459101490553132,0.0,1.3862943611198906,0,2.3978952727983707,0,0.2,0.0,0.0
15488,llama31_8b_15488,2.302585092994046,0.0,2.0794415416798357,0,0.6931471805599453,0,0.0,0.0,0.0
15489,llama31_8b_15489,2.1972245773362196,0.0,1.9459101490553132,0,0.6931471805599453,0,0.0,0.0,0.0
15490,llama31_8b_15490,2.772588722239781,0.2,2.0794415416798357,0,1.791759469228055,0,0.2,0.0,0.0
15491,llama31_8b_15491,1.6094379124341003,0.0,1.3862943611198906,0,1.0986122886681098,0,0.0,0.0,0.0
15492,llama31_8b_15492,2.8903717578961645,0.11764705882352941,2.5649493574615367,0,1.9459101490553132,0,0.8333333333333334,0.0,0.0
15493,llama31_8b_15493,2.0794415416798357,0.14285714285714285,2.0794415416798357,0,1.791759469228055,0,0.0,0.0,0.0
15494,llama31_8b_15494,2.5649493574615367,0.16666666666666666,2.70805020110221,0,2.5649493574615367,0,0.0,0.0,0.0
15495,llama31_8b_15495,1.9459101490553132,0.3333333333333333,1.791759469228055,0,1.6094379124341003,0,0.0,0.0,0.0
15499,llama31_8b_15499,2.302585092994046,0.2222222222222222,2.0794415416798357,0,0.0,1,0.0,0.0,0.0
15502,llama31_8b_15502,1.6094379124341003,0.25,1.3862943611198906,0,0.0,1,0.0,0.0,0.0
15503,llama31_8b_15503,2.5649493574615367,0.3333333333333333,2.4849066497880004,0,2.0794415416798357,0,0.14285714285714285,0.0,0.0
15504,llama31_8b_15504,1.9459101490553132,0.16666666666666666,1.791759469228055,0,1.791759469228055,0,0.4,0.0,0.0
15506,llama31_8b_15506,2.70805020110221,0.5,2.772588722239781,0,3.1354942159291497,0,0.18181818181818182,0.0,0.0
15510,llama31_8b_15510,2.3978952727983707,0.0,1.9459101490553132,0,1.9459101490553132,0,0.0,0.0,0.0
15511,llama31_8b_15511,2.3978952727983707,0.0,2.0794415416798357,0,2.1972245773362196,0,0.5,0.0,0.0
15514,llama31_8b_15514,2.302585092994046,0.2222222222222222,1.3862943611198906,0,0.0,1,0.0,0.0,0.0
15516,llama31_8b_15516,2.0794415416798357,0.14285714285714285,1.9459101490553132,0,2.0794415416798357,0,0.14285714285714285,0.0,0.0
15517,llama31_8b_15517,2.0794415416798357,0.0,1.791759469228055,0,1.3862943611198906,0,0.0,0.0,0.0
15518,llama31_8b_15518,2.1972245773362196,0.25,2.0794415416798357,0,1.6094379124341003,0,0.25,0.0,0.0
15519,llama31_8b_15519,2.3978952727983707,0.1,2.1972245773362196,0,1.9459101490553132,0,0.3333333333333333,0.16666666666666666,0.0
15520,llama31_8b_15520,2.4849066497880004,0.0,2.3978952727983707,0,1.3862943611198906,0,0.0,0.0,0.0
15521,llama31_8b_15521,2.3978952727983707,0.1,1.791759469228055,0,1.791759469228055,0,0.2,0.0,0.0
15524,llama31_8b_15524,1.791759469228055,0.0,1.6094379124341003,0,1.6094379124341003,0,0.0,0.0,0.0
15528,llama31_8b_15528,2.1972245773362196,0.0,2.3978952727983707,0,1.791759469228055,0,1.0,0.0,0.0
15537,llama31_8b_15537,2.5649493574615367,0.08333333333333333,2.5649493574615367,0,2.1972245773362196,0,0.0,0.0,0.0
15541,llama31_8b_15541,1.791759469228055,0.4,1.3862943611198906,0,1.6094379124341003,0,0.25,0.0,0.0
15544,llama31_8b_15544,2.833213344056216,0.0,2.9444389791664403,0,2.9444389791664403,0,0.16666666666666666,0.0,0.0
15545,llama31_8b_15545,1.6094379124341003,0.75,1.791759469228055,0,0.0,1,0.0,0.0,0.0
15547,llama31_8b_15547,1.791759469228055,0.6,1.3862943611198906,0,1.0986122886681098,0,0.0,0.0,0.0
15548,llama31_8b_15548,2.70805020110221,0.07142857142857142,2.833213344056216,0,2.3978952727983707,0,0.1,0.0,0.0
15553,llama31_8b_15553,1.791759469228055,0.2,1.3862943611198906,0,1.0986122886681098,0,0.0,0.0,0.0
15554,llama31_8b_15554,0.6931471805599453,1.0,0.0,1,0.0,1,0.0,0.0,0.0
15555,llama31_8b_15555,2.70805020110221,0.21428571428571427,2.6390573296152584,0,2.5649493574615367,0,0.6666666666666666,0.0,0.0
15557,llama31_8b_15557,2.5649493574615367,0.0,2.5649493574615367,0,0.6931471805599453,0,0.0,0.0,0.0
15558,llama31_8b_15558,2.6390573296152584,0.23076923076923078,2.302585092994046,0,0.6931471805599453,0,0.0,0.0,0.0
15559,llama31_8b_15559,3.091042453358316,0.09523809523809523,3.1780538303479458,0,2.9444389791664403,0,0.0,0.0,0.0
15560,llama31_8b_15560,2.772588722239781,0.06666666666666667,2.5649493574615367,0,1.9459101490553132,0,0.16666666666666666,0.0,0.0
15561,llama31_8b_15561,2.0794415416798357,0.2857142857142857,1.9459101490553132,0,1.0986122886681098,0,0.0,0.0,0.0
15562,llama31_8b_15562,2.995732273553991,0.10526315789473684,2.833213344056216,0,2.995732273553991,0,0.10526315789473684,0.0,0.0
15564,llama31_8b_15564,2.1972245773362196,0.0,2.302585092994046,0,1.791759469228055,0,0.0,0.0,0.0
15565,llama31_8b_15565,0.6931471805599453,1.0,0.0,1,0.0,1,0.0,0.0,0.0
15566,llama31_8b_15566,0.6931471805599453,1.0,0.0,1,0.0,1,0.0,0.0,0.0
15569,llama31_8b_15569,2.3978952727983707,0.0,2.302585092994046,0,1.791759469228055,0,0.2,0.0,0.0
15571,llama31_8b_15571,1.791759469228055,0.6,1.6094379124341003,0,1.3862943611198906,0,0.0,0.0,0.0
15573,llama31_8b_15573,2.5649493574615367,0.16666666666666666,2.4849066497880004,0,2.3978952727983707,0,0.0,0.0,0.0
15574,llama31_8b_15574,1.791759469228055,0.0,1.3862943611198906,0,1.3862943611198906,0,0.6666666666666666,0.0,0.0
15575,llama31_8b_15575,2.1972245773362196,0.5,2.0794415416798357,0,1.791759469228055,0,0.0,0.0,0.0
15578,llama31_8b_15578,2.3978952727983707,0.1,2.302585092994046,0,2.1972245773362196,0,0.125,0.0,0.0
15579,llama31_8b_15579,2.4849066497880004,0.09090909090909091,2.3978952727983707,0,1.6094379124341003,0,0.0,0.0,0.0
15581,llama31_8b_15581,2.3978952727983707,0.4,1.9459101490553132,0,1.791759469228055,0,0.2,0.0,0.0
15582,llama31_8b_15582,2.4849066497880004,0.6363636363636364,2.4849066497880004,0,1.9459101490553132,0,1.0,0.0,0.0
15584,llama31_8b_15584,2.5649493574615367,0.25,2.1972245773362196,0,1.791759469228055,0,0.0,0.0,0.0
15586,llama31_8b_15586,1.791759469228055,0.2,1.0986122886681098,0,1.6094379124341003,0,0.5,0.0,0.0
15587,llama31_8b_15587,2.3978952727983707,0.0,2.5649493574615367,0,2.3978952727983707,0,0.0,0.0,0.0
15588,llama31_8b_15588,2.8903717578961645,0.4117647058823529,3.044522437723423,0,2.302585092994046,0,0.2222222222222222,0.0,0.0
15589,llama31_8b_15589,2.1972245773362196,0.75,2.0794415416798357,0,1.3862943611198906,0,0.0,0.3333333333333333,0.0
15590,llama31_8b_15590,2.0794415416798357,0.0,2.1972245773362196,0,0.6931471805599453,0,1.0,0.0,0.0
15591,llama31_8b_15591,2.3978952727983707,0.1,2.302585092994046,0,1.3862943611198906,0,0.0,0.0,0.0
