source_id,group,partition,seen_in_pilot
12167,0,development,0
12177,1,development,0
12182,2,development,0
12183,3,development,0
12218,4,development,0
12228,5,holdout,0
12234,6,development,0
12236,7,development,0
12243,8,development,0
12252,9,holdout,0
12264,10,development,0
12269,11,development,0
12273,12,development,0
12287,13,development,0
12291,14,development,1
12300,15,holdout,0
12305,16,development,0
12307,17,development,0
12308,18,development,1
12309,19,development,1
12314,20,development,0
12334,21,development,0
12335,22,development,0
12342,23,development,0
12344,24,holdout,0
12358,25,development,0
12364,26,development,0
12367,27,development,0
12372,28,development,0
12391,29,development,0
12414,30,development,0
12422,3,development,0
12423,32,development,0
12455,33,holdout,0
14300,34,development,1
14318,35,development,0
14319,36,development,0
14323,3,development,0
14327,38,development,0
14334,39,development,1
14339,40,development,0
14347,41,development,0
14353,3,development,0
14355,43,development,0
14357,44,development,0
14360,45,development,0
14366,46,holdout,0
14373,47,development,0
14375,48,development,0
14390,49,holdout,0
14391,50,holdout,0
14392,51,development,0
14394,52,development,1
14396,53,development,0
14404,54,holdout,0
14405,55,holdout,0
14410,56,development,0
14418,57,holdout,0
14421,58,development,0
14433,59,development,0
14435,60,development,0
14445,61,development,0
14458,62,holdout,0
14468,63,development,1
14470,64,development,0
15092,65,development,1
15097,66,development,0
15103,67,development,0
15107,68,holdout,0
15108,69,development,0
15111,70,development,0
15112,71,development,0
15120,3,development,0
15124,73,development,1
15130,74,development,0
15135,75,development,0
15138,76,holdout,0
15143,77,development,0
15147,78,development,0
15149,79,development,0
15158,80,development,0
15160,81,development,1
15164,82,development,0
15168,83,development,1
15175,84,holdout,0
15180,85,development,0
15206,86,development,0
15210,87,development,1
15238,88,development,0
15239,89,development,0
15243,90,development,0
15254,91,holdout,0
15262,92,development,0
15269,93,holdout,0
15275,94,development,0
15286,95,development,0
15288,96,development,0
15300,97,development,0
15301,98,development,0
15302,99,development,0
15308,100,holdout,0
15313,101,development,0
15315,102,development,0
15317,103,development,1
15320,104,holdout,0
15332,105,development,0
15338,106,development,0
15339,107,development,0
15369,108,development,0
15371,109,development,0
15373,110,development,0
15378,111,development,0
15379,112,development,0
15381,3,development,1
15383,114,development,0
15388,115,development,0
15390,116,development,0
15395,117,development,0
15397,118,development,0
15402,119,development,0
15420,3,development,0
15422,121,development,0
15438,122,development,1
15442,123,development,1
15450,124,development,0
15453,3,development,0
15454,126,development,0
15455,127,holdout,0
15466,128,development,0
15478,129,development,1
15497,130,development,0
15498,131,holdout,0
15501,132,development,1
15513,3,development,0
15525,134,development,0
15529,135,development,0
15533,136,development,0
15535,137,development,0
15539,138,holdout,0
15540,139,holdout,0
15542,140,development,1
15543,141,development,0
15546,142,development,1
15550,143,development,0
15551,144,development,1
15552,145,development,0
15572,146,development,0
15576,147,development,0
15577,148,development,0
15583,149,development,1
12161,3,development,0
12162,151,development,0
12168,152,development,0
12169,153,development,1
12171,154,development,0
12172,3,development,0
12173,156,development,0
12174,157,development,0
12175,158,development,0
12180,159,development,0
12181,160,development,1
12185,3,development,0
12187,3,development,0
12188,163,development,0
12189,164,development,0
12190,165,development,0
12191,166,development,1
12192,167,development,0
12193,168,development,0
12194,169,development,0
12195,170,development,0
12196,171,holdout,0
12197,3,development,0
12199,3,development,0
12200,174,development,0
12201,175,development,0
12202,3,development,0
12203,177,holdout,0
12206,3,development,0
12207,179,development,0
12211,3,development,0
12212,181,holdout,0
12213,182,development,0
12214,3,development,0
12215,184,development,0
12216,185,development,0
12217,3,development,0
12220,187,development,0
12221,188,holdout,0
12223,189,development,0
12224,190,holdout,0
12225,3,development,0
12230,3,development,0
12231,193,holdout,0
12233,3,development,0
12235,195,holdout,0
12237,196,holdout,0
12238,197,development,0
12239,198,development,0
12240,3,development,0
12241,104,holdout,0
12242,201,development,0
12244,202,development,0
12245,203,development,0
12246,204,development,0
12247,205,development,0
12249,206,development,0
12251,207,development,0
12253,208,development,0
12254,209,development,0
12255,3,development,0
12256,211,holdout,0
12257,212,development,1
12259,213,development,0
12260,3,development,0
12261,215,development,1
12262,216,development,0
12263,3,development,0
12265,218,development,1
12266,219,development,0
12267,220,development,0
12268,221,development,0
12270,222,holdout,0
12272,3,development,0
12274,224,development,0
12275,104,holdout,0
12276,226,development,0
12277,227,holdout,0
12279,228,development,1
12280,229,development,0
12281,230,development,0
12282,231,development,1
12283,232,development,0
12286,233,development,1
12288,234,development,0
12289,235,development,0
12290,236,development,0
12292,237,development,0
12293,238,development,0
12294,239,development,0
12295,240,development,0
12296,241,development,0
12298,242,development,1
12301,243,development,0
12302,244,development,0
12303,245,development,0
12304,246,development,0
12306,247,holdout,0
12310,248,development,0
12311,249,development,1
12313,250,development,0
12318,251,development,0
12319,252,holdout,0
12320,253,development,0
12322,254,holdout,0
12323,3,development,0
12324,256,development,1
12325,257,development,0
12326,258,development,0
12331,259,holdout,0
12333,260,holdout,0
12336,261,development,0
12340,262,development,0
12343,263,development,0
12345,264,holdout,0
12346,265,development,0
12347,266,development,0
12348,267,development,0
12349,3,development,0
12350,269,development,0
12352,270,development,0
12354,271,development,0
12355,272,development,0
12357,273,development,0
12359,274,development,0
12361,275,development,0
12363,276,development,0
12365,277,development,0
12369,278,holdout,0
12370,279,holdout,0
12373,280,development,0
12374,281,holdout,0
12375,282,development,0
12377,283,development,0
12378,284,development,0
12379,285,development,0
12380,286,development,1
12381,287,development,0
12382,288,holdout,0
12387,289,holdout,0
12389,290,development,0
12390,291,development,0
12392,3,development,0
12393,293,development,0
12395,294,development,0
12396,295,development,0
12400,296,development,0
12401,297,development,0
12403,298,development,0
12405,299,holdout,0
12406,300,holdout,0
12410,301,development,0
12412,3,development,0
12413,303,development,0
12415,304,development,0
12416,305,development,0
12417,306,development,0
12418,307,development,0
12419,308,development,0
12420,309,development,0
12425,310,holdout,0
12426,311,development,0
12427,312,development,0
12428,313,development,0
12429,314,development,0
12430,315,development,0
12431,316,development,1
12432,317,development,0
12433,318,development,1
12434,319,development,1
12436,320,holdout,0
12437,321,development,0
12438,322,development,0
12439,323,development,0
12442,324,development,0
12445,325,development,0
12446,326,development,0
12448,327,development,0
12450,328,development,0
12453,329,development,1
12454,330,development,1
12456,331,development,1
12457,332,holdout,0
12458,333,development,0
12459,334,development,0
12460,335,development,0
14293,336,development,0
14294,337,development,0
14295,338,development,1
14296,339,development,1
14297,340,development,0
14299,341,development,1
14303,342,holdout,0
14304,343,development,1
14306,344,development,0
14307,345,development,1
14308,346,holdout,0
14309,347,development,0
14311,348,development,1
14312,349,holdout,0
14314,350,holdout,0
14315,351,development,0
14316,352,development,0
14320,353,holdout,0
14321,354,development,1
14322,355,development,1
14324,356,development,0
14326,357,development,0
14328,358,development,0
14330,359,holdout,0
14332,360,development,0
14333,361,holdout,0
14335,362,development,0
14336,363,development,0
14337,364,development,0
14338,365,development,0
14341,366,development,0
14343,367,development,0
14344,368,development,0
14345,369,development,0
14346,370,development,0
14348,371,development,0
14351,372,development,0
14354,373,development,0
14356,374,development,1
14361,375,development,0
14362,376,development,0
14363,377,development,0
14364,378,development,0
14365,379,development,0
14367,380,development,0
14368,381,development,1
14370,382,development,0
14371,383,development,0
14374,384,development,0
14378,385,development,0
14380,386,development,0
14382,387,development,0
14383,388,development,1
14385,389,holdout,0
14386,390,development,1
14387,391,development,1
14388,392,holdout,0
14393,393,development,0
14397,394,holdout,0
14400,395,holdout,0
14403,396,development,0
14406,397,development,0
14408,398,development,0
14411,399,development,0
14412,400,holdout,0
14413,401,development,0
14415,402,development,0
14417,403,development,0
14420,404,development,0
14422,405,development,0
14423,406,holdout,0
14424,407,development,0
14425,408,development,0
14426,409,development,0
14428,410,development,0
14429,411,development,0
14431,412,development,0
14432,413,development,1
14434,414,development,0
14437,415,development,0
14438,416,development,0
14439,417,development,0
14440,418,development,0
14441,419,holdout,0
14442,420,development,0
14443,421,development,0
14446,422,holdout,0
14447,423,development,1
14448,424,development,0
14449,237,development,0
14450,426,holdout,0
14451,427,development,0
14452,428,holdout,0
14455,429,development,0
14456,430,development,0
14459,431,development,0
14460,432,holdout,0
14461,433,development,1
14462,434,development,0
14464,237,development,0
14465,436,development,0
14467,437,development,0
14469,438,development,1
14471,439,development,0
14472,440,development,0
14473,441,development,0
14474,442,development,0
14476,443,development,0
14477,444,holdout,0
14478,445,development,1
14479,446,development,1
14480,447,development,0
14481,448,development,0
14482,449,development,1
14484,450,development,0
14485,451,development,0
14487,452,development,0
14488,453,development,0
14489,454,holdout,0
14490,455,development,1
14491,456,holdout,0
15093,457,development,0
15094,458,holdout,0
15095,459,development,0
15096,460,development,0
15099,461,development,0
15100,462,holdout,0
15102,463,development,0
15104,464,development,0
15105,465,holdout,0
15106,466,development,0
15113,467,development,0
15114,468,holdout,0
15116,469,development,0
15117,470,holdout,0
15118,471,development,0
15119,472,development,0
15121,473,development,0
15122,474,development,0
15123,475,holdout,0
15125,476,development,0
15126,477,development,0
15127,478,development,1
15128,479,development,0
15131,3,development,1
15132,481,development,0
15133,482,development,1
15134,483,holdout,0
15139,484,development,0
15141,485,development,1
15144,486,development,0
15145,3,development,1
15146,3,development,0
15148,489,holdout,0
15151,490,development,0
15154,491,development,0
15155,492,development,0
15156,493,holdout,0
15157,494,development,0
15159,495,development,0
15161,496,holdout,0
15163,497,development,0
15166,498,holdout,0
15167,499,holdout,0
15170,500,holdout,0
15171,501,development,0
15173,502,development,0
15174,503,holdout,0
15176,504,development,0
15177,505,development,0
15178,506,development,0
15179,3,development,0
15181,508,development,0
15182,509,development,1
15183,510,development,0
15184,511,development,1
15185,512,development,0
15186,513,development,0
15187,514,development,0
15188,515,development,0
15189,516,development,0
15190,517,holdout,0
15192,518,development,1
15193,519,development,0
15195,520,development,0
15196,521,holdout,0
15197,104,holdout,0
15198,523,holdout,0
15201,237,development,0
15202,525,holdout,0
15204,526,development,0
15205,527,development,0
15207,528,development,0
15208,529,development,0
15209,237,development,0
15213,531,development,0
15215,532,development,0
15216,533,development,0
15218,534,development,0
15219,535,development,0
15220,536,development,0
15221,537,development,0
15222,538,holdout,0
15223,539,development,0
15224,104,holdout,0
15225,541,development,0
15226,542,development,1
15229,543,development,0
15230,544,development,0
15231,545,development,0
15232,546,development,0
15235,547,development,0
15237,548,development,0
15241,549,development,0
15244,550,holdout,0
15245,551,development,0
15247,552,development,0
15248,3,development,0
15249,554,development,0
15250,555,development,1
15252,556,development,0
15255,557,development,0
15256,558,holdout,0
15257,559,development,0
15258,560,development,0
15259,561,development,0
15263,562,development,0
15264,563,development,1
15265,564,development,0
15266,565,development,0
15267,237,development,1
15271,567,development,0
15272,3,development,0
15273,569,development,0
15276,570,holdout,0
15277,571,development,1
15278,572,development,0
15279,573,development,0
15280,574,development,0
15282,575,development,0
15283,576,development,0
15284,3,development,0
15285,578,development,0
15287,579,development,0
15289,580,development,0
15290,581,development,0
15291,582,development,0
15293,583,development,0
15295,584,development,0
15299,585,development,0
15303,586,development,0
15304,587,holdout,0
15305,588,development,0
15309,589,development,1
15310,3,development,1
15311,591,development,0
15312,592,development,0
15314,593,development,0
15316,594,development,0
15319,3,development,0
15321,596,development,1
15322,597,development,0
15324,598,development,0
15325,599,development,0
15326,600,development,0
15329,601,development,1
15331,602,development,0
15333,603,holdout,0
15334,604,development,0
15341,605,development,1
15343,606,development,0
15344,607,development,0
15345,608,development,0
15346,104,holdout,0
15347,610,development,0
15350,611,development,0
15351,612,development,0
15354,613,development,0
15355,614,development,0
15356,615,development,0
15358,616,development,0
15359,617,development,0
15360,618,development,0
15361,619,development,0
15362,620,development,0
15363,621,development,0
15364,622,holdout,0
15365,623,development,0
15367,624,development,0
15368,625,development,0
15370,626,development,1
15374,627,development,0
15375,628,development,0
15376,629,development,0
15377,630,development,1
15380,631,development,0
15382,632,development,1
15384,633,development,1
15385,634,development,0
15389,635,development,0
15391,636,development,0
15393,637,holdout,0
15396,638,development,0
15398,639,development,0
15399,640,development,0
15401,641,development,0
15403,642,development,0
15404,643,development,0
15405,644,holdout,0
15406,645,development,0
15407,646,development,0
15410,647,development,1
15411,648,development,0
15412,649,development,0
15414,650,development,0
15415,651,development,0
15416,652,development,0
15417,653,development,0
15418,654,holdout,0
15425,655,development,0
15427,656,development,0
15429,657,holdout,0
15431,658,development,0
15432,3,development,1
15433,3,development,1
15434,661,holdout,0
15436,662,development,0
15439,663,development,0
15441,664,development,1
15443,3,development,0
15446,666,development,1
15448,667,development,1
15449,668,development,0
15452,669,development,0
15456,670,development,1
15459,671,holdout,0
15460,672,development,1
15462,673,development,0
15463,674,development,0
15464,675,development,0
15467,676,holdout,0
15468,677,development,0
15469,678,development,1
15470,679,development,0
15471,680,development,0
15472,104,holdout,0
15473,682,development,0
15474,683,development,0
15475,684,development,0
15476,685,development,0
15477,686,development,0
15479,687,development,1
15480,688,development,0
15482,689,development,0
15486,690,development,0
15487,691,development,0
15488,692,development,0
15489,693,development,0
15490,694,holdout,0
15491,695,development,0
15492,696,development,1
15493,697,development,0
15494,698,holdout,0
15495,699,development,0
15499,700,holdout,0
15502,701,development,0
15503,702,holdout,0
15504,703,development,0
15506,704,holdout,0
15510,705,development,0
15511,706,holdout,0
15514,707,development,0
15516,708,development,0
15517,709,development,0
15518,710,development,0
15519,711,development,0
15520,712,holdout,0
15521,713,development,0
15524,714,development,0
15528,715,development,0
15537,716,development,0
15541,717,development,1
15544,718,development,1
15545,719,development,0
15547,720,development,1
15548,721,development,0
15553,722,development,0
15554,3,development,1
15555,724,holdout,0
15557,725,holdout,0
15558,726,development,0
15559,727,development,0
15560,728,development,0
15561,729,holdout,0
15562,730,development,0
15564,731,development,0
15565,3,development,0
15566,3,development,0
15569,734,development,0
15571,735,holdout,0
15573,736,development,0
15574,737,development,0
15575,738,development,0
15578,739,development,0
15579,740,development,0
15581,741,development,0
15582,742,development,0
15584,743,development,0
15586,744,development,0
15587,745,holdout,0
15588,746,development,0
15589,747,development,1
15590,748,development,0
15591,749,development,0
